key,gid,title,ko,en,title_en,src,aip,status,note
1:0,1,Pushback Approved to Point 1,항공기 기수방향이 북쪽을 향하게 하고 Blue Line을 따라 푸쉬백하여 Point 1에 정확하게 Nose Gear를 정대 시킨다.,The aircraft shall be pushed back to face north along blue line until its nosewheel is at spot 1.,,aip,AMDT 7/26,review,
2:0,2,Pushback Approved to Point 1,항공기 기수방향이 북쪽을 향하게 하고 Blue Line을 따라 푸쉬백하여 Point 1에 정확하게 Nose Gear를 정대 시킨다.,The aircraft shall be pushed back to face north along blue line until its nosewheel is at spot 1.,,aip,AMDT 7/26,review,
3:0,3,Pushback Approved to Face North,항공기 기수방향이 북쪽을 향하게 하고 Nose Gear 및 동체가 Point 1을 향하도록 푸쉬백한다.,The aircraft shall be pushed back onto taxilane R1 to face north.,,aip,AMDT 7/26,review,
3:1,3,Pushback Approved to Point 1,항공기 기수방향이 북쪽을 향하게 하고 Blue Line을 따라 푸쉬백하여 Point 1에 정확하게 Nose Gear를 정대시킨다.,The aircraft shall be pushed back to face north along blue line until its nosewheel is at spot 1.,,aip,AMDT 7/26,review,
6:0,6,Pushback Approved to Face North,항공기 기수방향이 북쪽을 향하게 하고 Nose Gear 및 동체가 R1 유도선에 위치하도록 푸쉬백 한다.,The aircraft shall be pushed back onto taxilane R1 to face north.,,aip,AMDT 7/26,review,
6:1,6,Pushback Approved to Face South,항공기 기수방향이 남쪽을 향하게 하고 Nose Gear 및 동체가 R1 유도선에 위치하도록 푸쉬백한다.,The aircraft shall be pushed back onto taxilane R1 to face south.,,aip+tr,,review,
6:2,6,"Pushback Approved to Face South abeam Gate No 7, 8",항공기 기수방향이 남쪽을 향하게 하고 지시된 주기장의 진입중심선까지 후방견인하여 Nose Gear 및 동체가 R1 유도선에 위치하도록 푸쉬백한다.,The aircraft shall be pushed back to face south along taxilane R1 until the specific gate position.,,aip,AMDT 7/26,review,
7:0,7,Pushback Approved to Face South,항공기 기수방향이 남쪽을 향하게 하고 Nose Gear 및 동체가 R1에 위치하도록 푸쉬백한다.,The aircraft shall be pushed back onto taxilane R1 to face south.,,aip+tr,,review,
7:1,7,Pushback Approved to Face North,항공기 기수방향이 북쪽을 향하게 하고 Nose Gear 및 동체가 R1에 위치하도록 푸쉬백한다. * A4 유도로 이동 항공기에 영향 없도록 푸쉬백,The aircraft shall be pushed back onto taxilane R1 to face north. * The aircraft is pushed back so as not to affect aircraft taxiing on taxiway A4.,,aip+tr,AMDT 7/26,review,
7:2,7,Pushback Approved to Stand 825,항공기 기수방향이 남쪽을 향하게 하고 주기장 825번까지 후방견인 하여 Nose Gear 및 동체가 R5 유도선에 위치하도록 푸쉬백한다.,The aircraft shall be pushed back onto the stand 825 on taxilane R5 to face south.,,aip,AMDT 7/26,review,
8:0,8,Pushback Approved to Face South,항공기 기수방향이 남쪽을 향하게 하고 Nose Gear 및 동체가 R1에 위치하도록 푸쉬백한다.,The aircraft shall be pushed back onto taxilane R1 to face south.,,aip,AMDT 7/26,review,
8:1,8,Pushback Approved to Face North,항공기 기수방향이 북쪽을 향하게 하고 Nose Gear 및 동체가 R1에 위치하도록 푸쉬백한다.,The aircraft shall be pushed back onto taxilane R1 to face north.,,aip+tr,,review,
8:2,8,Pushback Approved to Stand 825,항공기 기수방향이 남쪽을 향하게 하고 주기장 825번까지 후방견인 하여 Nose Gear 및 동체가 R5 유도선에 위치하도록 푸쉬백한다.,The aircraft shall be pushed back onto the stand 825 on taxilane R5 to face south.,,aip,AMDT 7/26,review,
9:0,9,Pushback Approved to Face South,항공기 기수방향이 남쪽을 향하게 하고 Blue Line을 따라 후방견인하여 Nose Gear가 R1 유도선에 위치하도록 푸쉬백한다.,The aircraft shall be pushed back to face south along blue line until its nosewheel is at R1.,,aip,AMDT 7/26,review,
9:1,9,Pushback Approved to Face North,항공기 기수방향이 북쪽을 향하게 하고 Nose Gear가 R1 유도선에 위치하도록 푸쉬백한다.,The aircraft shall be pushed back onto taxilane R1 to face north.,,aip,AMDT 7/26,review,
9:2,9,Pushback Approved to Stand 825,항공기 기수방향이 남쪽을 향하게 하고 주기장 825번까지 후방견인 하여 Nose Gear가 R5 유도선에 위치하도록 푸쉬백한다.,The aircraft shall be pushed back onto the stand 825 on taxilane R5 to face south.,,aip,AMDT 7/26,review,
10:0,10,Pushback Approved to Face South,항공기 기수방향이 남쪽을 향하게 하고 Nose Gear 및 동체가 R1 유도선에 위치하도록 푸쉬백한다. * 후류 영향이 없도록 Nose Gear가 14번 주기장 뒤에 위치하도록 푸쉬백,The aircraft shall be pushed back onto taxilane R1 to face south. * Until gate 14 to minimize jet blast effect.,,aip+tr,AMDT 7/26,review,
10:1,10,Pushback Approved to Face North,항공기 기수방향이 북쪽을 향하게 하고 Nose Gear 및 동체가 R1 유도선에 위치하도록 푸쉬백한다.,The aircraft shall be pushed back onto taxilane R1 to face north.,,aip,AMDT 7/26,review,
11:0,11,Pushback Approved to Face South,항공기 기수방향이 남쪽을 향하게 하고 Nose Gear 및 동체가 R1 유도선에 위치하도록 푸쉬백한다. * 후류 영향이 없도록 Nose Gear가 14번 주기장 뒤에 위치하도록 푸쉬백,The aircraft shall be pushed back onto taxilane R1 to face south. * Until gate 14 to minimize jet blast effect.,,aip+tr,AMDT 7/26,review,
11:1,11,Pushback Approved to Face North,항공기 기수방향이 북쪽을 향하게 하고 Nose Gear 및 동체가 R1 유도선에 위치하도록 푸쉬백한다.,The aircraft shall be pushed back onto taxilane R1 to face north.,,aip,AMDT 7/26,review,
12:0,12,Pushback Approved to Face South,항공기 기수방향이 남쪽을 향하게 하고 Nose Gear 및 동체가 R1 유도선에 위치하도록 푸쉬백한다.,The aircraft shall be pushed back onto taxilane R1 to face south.,,aip,AMDT 7/26,review,
12:1,12,Pushback Approved to Face North,항공기 기수방향이 북쪽을 향하게 하고 Nose Gear 및 동체가 R1 유도선에 위치하도록 푸쉬백한다.,The aircraft shall be pushed back onto taxilane R1 to face north.,,aip,AMDT 7/26,review,
14:0,14,Pushback Approved to Face South,항공기 기수방향이 남쪽을 향하게 하고 Nose Gear 및 동체가 R1 유도선에 위치하도록 푸쉬백한다.,The aircraft shall be pushed back onto taxilane R1 to face south.,,aip,AMDT 7/26,review,
14:1,14,Pushback Approved to Face North,항공기 기수방향이 북쪽을 향하게 하고 Nose Gear 및 동체가 R1 유도선에 위치하도록 푸쉬백한다. * 후류 영향이 없도록 Nose Gear가 10번 주기장 뒤에 위치하도록 푸쉬백,The aircraft shall be pushed back onto taxilane R1 to face north until gate 10 to minimize jet blast effect. * The nosewheel comes to rest beyond gate 10.,,aip+tr,AMDT 7/26,review,
14:2,14,Pushback Approved to Spot 53R,항공기 기수방향이 서쪽을 향하게 하고 Spot 53R 까지 후방견인 하여 Nose Gear 및 동체가 A6 유도선에 위치하도록 푸쉬백한다.,The aircraft shall be pushed back onto the spot 53R on A6 to face west.,,aip,AMDT 7/26,review,
15:0,15,Pushback Approved to Face South,항공기 기수방향이 남쪽을 향하게 하고 Nose Gear 및 동체가 R1 유도선에 위치하도록 푸쉬백한다.,The aircraft shall be pushed back onto taxilane R1 to face south.,,aip,AMDT 7/26,review,
15:1,15,Pushback Approved to Face North,항공기 기수방향이 북쪽을 향하게 하고 Nose Gear 및 동체가 R1 유도선에 위치하도록 푸쉬백한다.,The aircraft shall be pushed back to face north along blue line until its nosewheel is at R1.,,aip,AMDT 7/26,review,
15:2,15,Pushback Approved to Spot 53R,항공기 기수방향이 서쪽을 향하게 하고 Spot 53R 까지 후방견인 하여 Nose Gear 및 동체가 A6 유도선에 위치하도록 푸쉬백한다.,The aircraft shall be pushed back onto the spot 53R on A6 to face west.,,aip,AMDT 7/26,review,
16:0,16,Pushback Approved to Face South,항공기 기수방향이 남쪽을 향하게 하고 Nose Gear 및 동체가 R1 유도선에 위치하도록 푸쉬백한다.,The aircraft shall be pushed back onto taxilane R1 to face south.,,aip,AMDT 7/26,review,
16:1,16,Pushback Approved to Face North,항공기 기수방향이 북쪽을 향하게 하고 Nose Gear 및 동체가 R1 유도선에 위치하도록 푸쉬백한다.,The aircraft shall be pushed back onto taxilane R1 to face north.,,aip,AMDT 7/26,review,
16:2,16,Pushback Approved to Spot 53R,항공기 기수방향이 서쪽을 향하게 하고 Spot 53R 까지 후방견인 하여 Nose Gear 및 동체가 A6 유도선에 위치하도록 푸쉬백한다.,The aircraft shall be pushed back onto the spot 53R on A6 to face west.,,aip,AMDT 7/26,review,
17:0,17,Pushback Approved to Face East on R7,항공기 기수방향이 동쪽을 향하게 하고 Nose Gear 및 동체가 R7 유도선에 위치하도록 푸쉬백한다.,The aircraft shall be pushed back onto taxilane R7 to face east.,,aip,AMDT 7/26,review,
17:1,17,Pushback Approved to Face North,항공기 기수방향이 북쪽을 향하게 하고 Nose Gear 및 동체가 R1 유도선에 위치하도록 푸쉬백한다.,The aircraft shall be pushed back onto taxilane R1 to face north.,,aip,AMDT 7/26,review,
17:2,17,Pushback Approved to Spot 53R,항공기 기수방향이 서쪽을 향하게 하고 Spot 53R까지 후방견인 하여 Nose Gear 및 동체가 A6 유도선에 위치하도록 푸쉬백한다.,The aircraft shall be pushed back onto the spot 53R on A6 to face west.,,aip,AMDT 7/26,review,
18:0,18,Pushback Approved to Face East,항공기 기수방향이 동쪽을 향하게 하고 Nose Gear 및 동체가 R7 유도선에 위치하도록 푸쉬백한다.,The aircraft shall be pushed back onto taxilane R7 to face east.,,aip,AMDT 7/26,review,
18:1,18,Pushback Approved to Face West,항공기 기수방향이 서쪽을 향하게 하고 Nose Gear 및 동체가 R7 유도선에 위치하도록 푸쉬백한다.,The aircraft shall be pushed back onto taxilane R7 to face west.,,aip,AMDT 7/26,review,
18:2,18,Pushback Approved to Face North on R1 abeam Gate No,항공기 기수방향이 북쪽을 향하게 지시 주기장의 진입중심선까지 후방견인 하여 Nose Gear 및 동체가 R1 유도선에 위치하도록 푸쉬백한다.,The aircraft shall be pushed back to face north along taxilane R1 until the specific gate position.,,aip,AMDT 7/26,review,
19:0,19,Pushback Approved to Face East,항공기 기수방향이 동쪽을 향하게 하고 Nose Gear 및 동체가 R7 유도선에 위치하도록 푸쉬백한다. * R2가 개방되도록 짧게 푸쉬백,"The aircraft shall be pushed back onto taxilane R7 to face east. * The pushback is kept short, leaving taxilane R2 clear.",,aip+tr,AMDT 7/26,review,
19:1,19,Pushback Approved to Face West,항공기 기수방향이 서쪽을 향하게 하고 Nose Gear 및 동체가 R7 유도선에 위치하도록 푸쉬백한다.,The aircraft shall be pushed back onto taxilane R7 to face west.,,aip,AMDT 7/26,review,
19:2,19,Pushback Approved to Face North on R1 abeam Gate No,항공기 기수방향이 북쪽을 향하게 지시 주기장의 진입중심선까지 후방견인 하여 Nose Gear 및 동체가 R1 유도선에 위치하도록 푸쉬백한다.,The aircraft shall be pushed back to face north along taxilane R1 until the specific gate position.,,aip,AMDT 7/26,review,
19:3,19,Pushback Approved to Point 2,항공기를 후방견인한 후 기수방향을 북쪽으로 향하게 하고 R2 유도선을 따라 견인하여 Nose Gear를 Point 2에 정대시킨다.,The aircraft shall be pushed back to face north along taxilane R2 until its nosewheel is at spot 2.,,aip,AMDT 7/26,review,
20:0,20,Pushback Approved to Face East,항공기 기수방향이 동쪽을 향하게 하고 Nose Gear 및 동체가 R7 유도선에 위치하도록 푸쉬백한다.,The aircraft shall be pushed back onto taxilane R7 to face east.,,aip,AMDT 7/26,review,
20:1,20,Pushback Approved to Face West,항공기 기수방향이 서쪽을 향하게 하고 Nose Gear 및 동체가 R7 유도선에 위치하도록 푸쉬백한다.,The aircraft shall be pushed back onto taxilane R7 to face west.,,aip,AMDT 7/26,review,
20:2,20,Pushback Approved to Point 2,항공기를 후방견인한 후 기수방향을 북쪽으로 향하게 하고 R2 유도선을 따라 견인하여 Nose Gear를 Point 2에 정대시킨다.,The aircraft shall be pushed back to face north along taxilane R2 until its nosewheel is at spot 2.,,aip,AMDT 7/26,review,
21:0,21,Pushback Approved to Blue,항공기 기수방향이 북쪽을 향하게 하고 blue Line까지 후방견인하여 Nose Gear가 R2 유도선에 위치하도록 푸쉬백한다.,The aircraft shall be pushed back to face north along blue line until its nosewheel is at R2.,,aip,AMDT 7/26,review,
21:1,21,Pushback Approved to Face North,항공기 기수방향이 북쪽을 향하게 하고 Nose Gear가 R2 유도선에 위치하도록 푸쉬백한다. * R7 이동 항공기 및 23번 주기장 진출입 영향 없도록 푸쉬백,The aircraft shall be pushed back to face north until its body is on taxilane R2. * The aircraft is pushed back so as not to affect aircraft moving on taxilane R7 or aircraft entering and leaving gate 23.,,aip+tr,AMDT 7/26,review,
21:2,21,Pushback Approved to Face East on R7,항공기 기수방향이 동쪽을 향하게 하고 Nose Gear 및 동체가 R7 유도선에 위치하도록 푸쉬백한다. * R2 유도선 개방,The aircraft shall be pushed back onto taxilane R7 to face east. * Keep taxilane R2 clear.,,aip+tr,AMDT 7/26,review,
21:3,21,Pushback Approved to Face West on R7,항공기 기수방향이 서쪽을 향하게 하고 Nose Gear 및 동체가 R7 유도선에 위치하도록 푸쉬백한다. * R2 유도선 개방,The aircraft shall be pushed back onto taxilane R7 to face west. * Keep taxilane R2 clear.,,aip+tr,AMDT 7/26,review,
22:0,22,Pushback Approved to Blue,항공기 기수방향이 북쪽을 향하게 하고 blue Line까지 후방견인하여 Nose Gear가 R2 유도선에 위치하도록 푸쉬백한다.,The aircraft shall be pushed back to face north along blue line until its nosewheel is at R2.,,aip,AMDT 7/26,review,
22:1,22,Pushback Approved to Point 2,항공기를 후방견인한 후 기수방향을 북쪽으로 향하게 하고 R2 유도선을 따라 견인하여 Nose Gear를 Point 2에 정대시킨다.,The aircraft shall be pushed back to face north and then towed forward until its nosewheel is at spot 2.,,aip,AMDT 7/26,review,
23:0,23,Pushback Approved to Point 2,항공기를 후방견인한 후 기수방향을 북쪽으로 향하게 하고 R2 유도선을 따라 견인하여 Nose Gear를 Point 2에 정대시킨다.,The aircraft shall be pushed back to face north and then towed forward until its nosewheel is at spot 2.,,aip,AMDT 7/26,review,
23:1,23,Pushback Approved to Point 3,"항공기 기수방향이 남쪽을 향하게 하여 Blue Line을 따라 후방견인하여 Nose Gear는 Point 3에, 동체는 blue line에 정대시킨다.",The aircraft shall be pushed back to face south along blue line until its nosewheel is at spot 3.,,aip,AMDT 7/26,review,
23:2,23,Pushback Approved to Face South on R2 (abeam Gate No.),항공기를 후방견인한 후 기수방향을 남쪽을 향하게 하고 지시된 주기장의 진입중심선까지 후방견인 하여 Nose Gear 및 동체가 R2 유도선에 위치하도록 푸쉬백한다.,The aircraft shall be pushed back to face south along taxilane R2 until the specific gate number.,,aip,AMDT 7/26,review,
24:0,24,Pushback Approved to Point 2,항공기를 후방견인한 후 기수방향을 북쪽으로 향하게 하고 R2 유도선을 따라 견인하여 Nose Gear를 Point 2에 정대시킨다.,The aircraft shall be pushed back to face north and then towed forward until its nosewheel is at spot 2.,,aip,AMDT 7/26,review,
24:1,24,Pushback Approved to Point 3,"항공기 기수방향이 남쪽을 향하게 하여 Blue Line을 따라 후방견인하여 Nose Gear는 Point 3에, 동체는 blue line에 정대시킨다.",The aircraft shall be pushed back to face south along blue line until its nosewheel is at spot 3.,,aip,AMDT 7/26,review,
24:2,24,Pushback Approved to Face South on R2 (abeam Gate No.),항공기를 후방견인한 후 기수방향을 남쪽을 향하게 하고 지시된 주기장의 진입중심선까지 후방견인 하여 Nose Gear 및 동체가 R2 유도선에 위치하도록 푸쉬백한다.,The aircraft shall be pushed back to face south along taxilane R2 until the specific gate number.,,aip,AMDT 7/26,review,
26:0,26,Pushback Approved to Point 2,항공기를 후방견인한 후 기수방향을 북쪽으로 향하게 하고 R2 유도선을 따라 견인하여 Nose Gear를 Point 2에 정대시킨다.,The aircraft shall be pushed back to face north and then towed forward until its nosewheel is at spot 2.,,aip,AMDT 7/26,review,
26:1,26,Pushback Approved to Point 3,"항공기 기수방향이 남쪽을 향하게 하여 Blue Line을 따라 후방견인하여 Nose Gear는 Point 3에, 동체는 blue line에 정대시킨다.",The aircraft shall be pushed back to face south along blue line until its nosewheel is at spot 3.,,aip,AMDT 7/26,review,
26:2,26,Pushback Approved to Face South on R2 (abeam Gate No.),항공기를 후방견인한 후 기수방향을 남쪽을 향하게 하고 지시된 주기장의 진입중심선까지 후방견인 하여 Nose Gear 및 동체가 R2 유도선에 위치하도록 푸쉬백한다.,The aircraft shall be pushed back to face south along taxilane R2 until the specific gate number.,,aip,AMDT 7/26,review,
27:0,27,Pushback Approved to Point 2,항공기를 후방견인한 후 기수방향을 북쪽으로 향하게 하고 R2 유도선을 따라 견인하여 Nose Gear를 Point 2에 정대시킨다.,The aircraft shall be pushed back to face north and then towed forward until its nosewheel is at spot 2.,,aip,AMDT 7/26,review,
27:1,27,Pushback Approved to Point 3,"항공기 기수방향이 남쪽을 향하게 하여 Blue Line을 따라 후방견인하여 Nose Gear는 Point 3에, 동체는 blue line에 정대시킨다.",The aircraft shall be pushed back to face south along blue line until its nosewheel is at spot 3.,,aip,AMDT 7/26,review,
27:2,27,Pushback Approved to Point 4,항공기를 후방견인한 후 기수방향을 북쪽으로 향하게 하고 R3 유도선을 따라 견인하여 Nose Gear를 Point 4에 정대시킨다.,The aircraft shall be pushed back to face north and then towed forward until its nosewheel is at spot 4.,,aip,AMDT 7/26,review,
27:3,27,Pushback Approved to Face South on R2 abeam Gate No,항공기를 후방견인한 후 기수방향을 남쪽을 향하게 하고 지시된 주기장의 진입중심선까지 후방견인 하여 Nose Gear 및 동체가 R2 유도선에 위치하도록 푸쉬백한다.,The aircraft shall be pushed back to face south along taxilane R2 until the specific gate number.,,aip,AMDT 7/26,review,
27:4,27,Pushback Approved to Face South on R3 abeam Gate No,항공기를 후방견인한 후 기수방향을 남쪽을 향하게 하고 지시된 주기장의 진입중심선까지 후방견인 하여 Nose Gear 및 동체가 R3 유도선에 위치하도록 푸쉬백한다.,The aircraft shall be pushed back to face south along taxilane R3 until the specific gate number.,,aip,AMDT 7/26,review,
28:0,28,Pushback Approved to Point 3,"항공기 기수방향이 남쪽을 향하게 하여 Blue Line을 따라 후방견인하여 Nose Gear는 Point 3에, 동체는 blue line에 정대시킨다.",The aircraft shall be pushed back to face south along blue line until its nosewheel is at spot 3.,,aip,AMDT 7/26,review,
28:1,28,Pushback Approved to Point 4,항공기를 후방견인한 후 기수방향을 북쪽으로 향하게 하고 R3 유도선을 따라 견인하여 Nose Gear를 Point 4에 정대시킨다.,The aircraft shall be pushed back to face north and then towed forward until its nosewheel is at spot 4.,,aip,AMDT 7/26,review,
28:2,28,Pushback Approved to Face South on R3 (abeam Gate No.),항공기를 후방견인한 후 기수방향을 남쪽을 향하게 하고 지시된 주기장의 진입중심선까지 후방견인 하여 Nose Gear 및 동체가 R3 유도선에 위치하도록 푸쉬백한다.,The aircraft shall be pushed back to face south along taxilane R3 until the specific gate number.,,aip,AMDT 7/26,review,
30:0,30,Pushback Approved to Point 3,"항공기 기수방향이 남쪽을 향하게 하여 Blue Line을 따라 후방견인하여 Nose Gear는 Point 3에, 동체는 blue line에 정대시킨다.",The aircraft shall be pushed back to face south along blue line until its nosewheel is at spot 3.,,aip,AMDT 7/26,review,
30:1,30,Pushback Approved to Point 4,항공기를 후방견인한 후 기수방향을 북쪽으로 향하게 하고 R3 유도선을 따라 견인하여 Nose Gear를 Point 4에 정대시킨다.,The aircraft shall be pushed back to face north and then towed forward until its nosewheel is at spot 4.,,aip,AMDT 7/26,review,
30:2,30,Pushback Approved to Face South on R3 (abeam Gate No.),항공기를 후방견인한 후 기수방향을 남쪽을 향하게 하고 지시된 주기장의 진입중심선까지 후방견인 하여 Nose Gear 및 동체가 R3 유도선에 위치하도록 푸쉬백한다.,The aircraft shall be pushed back to face south along taxilane R3 until the specific gate number.,,aip,AMDT 7/26,review,
31:0,31,Pushback Approved to Point 3,"항공기 기수방향이 남쪽을 향하게 하여 Blue Line을 따라 후방견인하여 Nose Gear는 Point 3에, 동체는 blue line에 정대시킨다.",The aircraft shall be pushed back to face south along blue line until its nosewheel is at spot 3.,,aip,AMDT 7/26,review,
31:1,31,Pushback Approved to Point 4,항공기를 후방견인한 후 기수방향을 북쪽으로 향하게 하고 R3 유도선을 따라 견인하여 Nose Gear를 Point 4에 정대시킨다.,The aircraft shall be pushed back to face north and then towed forward until its nosewheel is at spot 4.,,aip,AMDT 7/26,review,
31:2,31,Pushback Approved to Face South on R3 (abeam Gate No.),항공기를 후방견인한 후 기수방향을 남쪽을 향하게 하고 지시된 주기장의 진입중심선까지 후방견인 하여 Nose Gear 및 동체가 R3 유도선에 위치하도록 푸쉬백한다.,The aircraft shall be pushed back to face south along taxilane R3 until the specific gate number.,,aip,AMDT 7/26,review,
32:0,32,Pushback Approved to Blue,항공기 기수방향이 북쪽을 향하게 하고 blue Line까지 후방견인하여 Nose Gear가 R3 유도선에 위치하도록 푸쉬백한다.,The aircraft shall be pushed back to face north along blue line until its nosewheel is at R3.,,aip,AMDT 7/26,review,
32:1,32,Pushback Approved to Point 4,항공기를 후방견인한 후 기수방향을 북쪽으로 향하게 하고 R3 유도선을 따라 견인하여 Nose Gear를 Point 4에 정대시킨다.,The aircraft shall be pushed back to face north and then towed forward until its nosewheel is at spot 4.,,aip,AMDT 7/26,review,
33:0,33,Pushback Approved to Blue,항공기 기수방향이 북쪽을 향하게 하고 blue Line까지 후방견인하여 Nose Gear가 R3 유도선에 위치하도록 푸쉬백한다.,The aircraft shall be pushed back to face north along blue line until its nosewheel is at R3.,,aip,AMDT 7/26,review,
33:1,33,Pushback Approved to Face North,항공기 기수방향이 북쪽을 향하게 하고 Nose Gear가 R3 유도선에 위치하도록 푸쉬백한다. * R7 이동 항공기 및 32번 주기장 진출입 영향 없도록 푸쉬백,The aircraft shall be pushed back to face north until its body is on taxilane R3. * The aircraft is pushed back so as not to affect aircraft moving on taxilane R7 or aircraft entering and leaving gate 32.,,aip+tr,AMDT 7/26,review,
33:2,33,Pushback Approved to Face East on R7,항공기 기수방향이 동쪽을 향하게 하고 Nose Gear 및 동체가 R7 유도선에 위치하도록 푸쉬백한다. * R3 유도선 개방,The aircraft shall be pushed back onto taxilane R7 to face east. * Keep taxilane R3 clear.,,aip+tr,AMDT 7/26,review,
33:3,33,Pushback Approved to Face West on R7,항공기 기수방향이 서쪽을 향하게 하고 Nose Gear 및 동체가 R7 유도선에 위치하도록 푸쉬백한다. * R3 유도선 개방,The aircraft shall be pushed back onto taxilane R7 to face west. * Keep taxilane R3 clear.,,aip+tr,AMDT 7/26,review,
34:0,34,Pushback Approved to Face East,항공기 기수방향이 동쪽을 향하게 하고 Nose Gear 및 동체가 R7 유도선에 위치하도록 푸쉬백한다. * R3 유도선 개방,The aircraft shall be pushed back onto taxilane R7 to face east. * Keep taxilane R3 clear.,,aip+tr,AMDT 7/26,review,
34:1,34,Pushback Approved to Face West,항공기 기수방향이 서쪽을 향하게 하고 Nose Gear 및 동체가 R7 유도선에 위치하도록 푸쉬백한다.,The aircraft shall be pushed back onto taxilane R7 to face west.,,aip,AMDT 7/26,review,
34:2,34,Pushback Approved to Point 4,항공기를 후방견인한 후 기수방향을 북쪽으로 향하게 하고 R3 유도선을 따라 견인하여 Nose Gear를 Point 4에 정대시킨다,The aircraft shall be pushed back to face north along taxilane R3 until its nosewheel is at spot 4.,,aip,AMDT 7/26,review,
35:0,35,Pushback Approved to Face East,항공기 기수방향이 동쪽을 향하게 하고 Nose Gear 및 동체가 R7 유도선에 위치하도록 푸쉬백한다.,The aircraft shall be pushed back onto taxilane R7 to face east.,,aip,AMDT 7/26,review,
35:1,35,Pushback Approved to Face West,항공기 기수방향이 서쪽을 향하게 하고 Nose Gear 및 동체가 R7 유도선에 위치하도록 푸쉬백한다.,The aircraft shall be pushed back onto taxilane R7 to face west.,,aip,AMDT 7/26,review,
35:2,35,Pushback Approved to Point 4,항공기를 후방견인한 후 기수방향을 북쪽으로 향하게 하고 R3 유도선을 따라 견인하여 Nose Gear를 Spot 4에 정대시킨다,The aircraft shall be pushed back to face north along taxilane R3 until its nosewheel is at spot 4.,,aip,AMDT 7/26,review,
35:3,35,Pushback Approved to Face North on R4 abeam Gate No,항공기 기수방향이 북쪽을 향하게 하고 지시된 주기장의 진입중심선까지 후방견인 하여 Nose Gear 및 동체가 R4 유도선에 위치하도록 푸쉬백한다.,The aircraft shall be pushed back to face north along taxilane R4 until the specific gate position.,,aip,AMDT 7/26,review,
36:0,36,Pushback Approved to Face East,항공기 기수방향이 동쪽을 향하게 하고 Nose Gear 및 동체가 R7 유도선에 위치하도록 푸쉬백한다. 이때 R4유도로는 사용가능 하도록 푸쉬백한다. * R4 유도선 개방,The aircraft shall be pushed back onto taxilane R7 to face east. * Keep taxilane R4 clear.,,aip+tr,AMDT 7/26,review,
36:1,36,Pushback Approved to Face West,항공기 기수방향이 서쪽을 향하게 하고 Nose Gear 및 동체가 R7 유도선에 위치하도록 푸쉬백한다.,The aircraft shall be pushed back onto taxilane R7 to face west.,,aip,AMDT 7/26,review,
36:2,36,Pushback Approved to Face North on R4 abeam Gate No,항공기 기수방향이 북쪽을 향하게 하고 지시된 주기장의 진입중심선까지 후방견인 하여 Nose Gear 및 동체가 R4 유도선에 위치하도록 푸쉬백한다.,The aircraft shall be pushed back to face north along taxilane R4 until the specific gate position.,,aip,AMDT 7/26,review,
37:0,37,Pushback Approved to Face North,항공기 기수방향이 북쪽을 향하게 하고 Nose Gear 및 동체가 R4 유도선에 위치하도록 푸쉬백한다.,The aircraft shall be pushed back onto taxilane R4 to face north.,,aip,AMDT 7/26,review,
37:1,37,Pushback Approved to Face West on R7,항공기 기수방향이 서쪽을 향하게 하고 Nose Gear 및 동체가 R7 유도선에 위치하도록 푸쉬백한다.,The aircraft shall be pushed back onto taxilane R7 to face west.,,aip,AMDT 7/26,review,
37:2,37,Pushback Approved to Face North on R6,항공기 기수방향이 북쪽을 향하게 하고 Nose Gear 및 동체가 R6 유도선에 위치하도록 푸쉬백한다. * R7 입출항 항공기와 분리,The aircraft shall be pushed back onto taxilane R6 to face north. * The aircraft remains separated from aircraft entering and leaving on taxilane R7.,,aip+tr,AMDT 7/26,review,
38:0,38,Pushback Approved to Face South,항공기 기수방향이 남쪽을 향하게 하고 Nose Gear 및 동체가 R4 유도선에 위치하도록 푸쉬백한다.,The aircraft shall be pushed back onto taxilane R4 to face south.,,aip,AMDT 7/26,review,
38:1,38,Pushback Approved to Face North,항공기 기수방향이 북쪽을 향하게 하고 Nose Gear 및 동체가 R4 유도선에 위치하도록 푸쉬백한다.,The aircraft shall be pushed back onto taxilane R4 to face north.,,aip,AMDT 7/26,review,
39:0,39,Pushback Approved to Face South,항공기 기수방향이 남쪽을 향하게 하고 Nose Gear 및 동체가 R4 유도선에 위치하도록 푸쉬백한다.,The aircraft shall be pushed back onto taxilane R4 to face south.,,aip,AMDT 7/26,review,
39:1,39,Pushback Approved to Face North,항공기 기수방향이 북쪽을 향하게 하고 Nose Gear 및 동체가 R4 유도선에 위치하도록 푸쉬백한다. * 주기장 39번은 항공기 후면 후류 영향이 없도록 Blue Line을 따라 푸쉬백,"The aircraft shall be pushed back to face north along blue line until its nosewheel is at R4. * At gate 39, the aircraft is pushed back along blue line to minimize jet blast effect behind the aircraft.",,aip+tr,AMDT 7/26,review,
40:0,40,Pushback Approved to Face South,항공기 기수방향이 남쪽을 향하게 하고 Nose Gear 및 동체가 R4 유도선에 위치하도록 푸쉬백한다.,The aircraft shall be pushed back onto taxilane R4 to face south.,,aip,AMDT 7/26,review,
40:1,40,Pushback Approved to Face North,항공기 기수방향이 북쪽을 향하게 하고 Nose Gear 및 동체가 R4 유도선에 위치하도록 푸쉬백한다. * 주기장 40번은 항공기 후면 후류 영향이 없도록 Nose Gear가 43번 주기장 뒤에 위치하도록 푸쉬백,"The aircraft shall be pushed back onto taxilane R4 to face north. The aircraft of gate 40 shall be pushed back to face north until gate 43 to minimize jet blast effect. * At gate 40, the aircraft is pushed back until its nosewheel is past gate 43, to minimize jet blast effect behind the aircraft.",,aip+tr,AMDT 7/26,review,
41:0,41,Pushback Approved to Face South,항공기 기수방향이 남쪽을 향하게 하고 Nose Gear 및 동체가 R4 유도선에 위치하도록 푸쉬백한다.,The aircraft shall be pushed back onto taxilane R4 to face south.,,aip,AMDT 7/26,review,
41:1,41,Pushback Approved to Face North,항공기 기수방향이 북쪽을 향하게 하고 Nose Gear 및 동체가 R4 유도선에 위치하도록 푸쉬백한다.,The aircraft shall be pushed back onto taxilane R4 to face north. The aircraft of gate 40 shall be pushed back to face north until gate 43 to minimize jet blast effect.,,aip,AMDT 7/26,review,
42:0,42,Pushback Approved to Face South,"항공기 기수방향이 남쪽을 향하게 하고 Nose Gear 및 동체가 R4 유도선에 위치하도록 푸쉬백한다. * 주기장 42,43은 항공기 후면 후류 영향이 없도록 Nose Gear가 40번 주기장 뒤에 위치하도록 푸쉬백","The aircraft shall be pushed back onto taxilane R4 to face south. * At gates 42 and 43, the aircraft is pushed back until its nosewheel is past gate 40, to minimize jet blast effect behind the aircraft.",,aip+tr,AMDT 7/26,review,
42:1,42,Pushback Approved to Face North,항공기 기수방향이 북쪽을 향하게 하고 Nose Gear 및 동체가 R4 유도선에 위치하도록 푸쉬백한다.,The aircraft shall be pushed back onto taxilane R4 to face north. The aircraft of gate 40 shall be pushed back to face north until gate 43 to minimize jet blast effect.,,aip,AMDT 7/26,review,
43:0,43,Pushback Approved to Face South,"항공기 기수방향이 남쪽을 향하게 하고 Nose Gear 및 동체가 R4 유도선에 위치하도록 푸쉬백한다. * 주기장 42,43은 항공기 후면 후류 영향이 없도록 Nose Gear가 40번 주기장 뒤에 위치하도록 푸쉬백","The aircraft shall be pushed back onto taxilane R4 to face south. * At gates 42 and 43, the aircraft is pushed back until its nosewheel is past gate 40, to minimize jet blast effect behind the aircraft.",,tr,,review,
43:1,43,Pushback Approved to Face North,항공기 기수방향이 북쪽을 향하게 하고 Nose Gear 및 동체가 R4 유도선에 위치하도록 푸쉬백한다.,The aircraft shall be pushed back onto taxilane R4 to face north.,,tr,,review,
45:0,45,Pushback Approved to Face South (abeam Gate No.),"항공기 기수방향이 남쪽을 향하게 하고 Nose Gear 및 동체가 R4 유도선에 위치하도록 푸쉬백한다. * 주기장 45번은 항공기 후면 후류 영향이 없도록 Blue Line을 따라 푸쉬백 * “Abeam Gate 47”라는 지시를 추가로 받을 경우, M5 유도로 사용이 가능하도록 푸쉬백","The aircraft shall be pushed back onto taxilane R4 to face south. * At gate 45, the aircraft is pushed back along blue line to minimize jet blast effect behind the aircraft. * When “abeam Gate 47” is added to the pushback clearance, the aircraft is pushed back so that taxiway M5 remains available.",,aip+tr,,review,
45:1,45,Pushback Approved to Face North (abeam Gate No.),"항공기 기수방향이 북쪽을 향하게 하고 Nose Gear 및 동체가 R4 유도선에 위치하도록 푸쉬백한다. * 주기장 45번은 항공기 후면 후류 영향이 없도록 Blue Line을 따라 푸쉬백 * “Abeam Gate 47”라는 지시를 추가로 받을 경우, M5 유도로 사용이 가능하도록 푸쉬백","The aircraft shall be pushed back onto taxilane R4 to face north. * At gate 45, the aircraft is pushed back along blue line to minimize jet blast effect behind the aircraft. * When “abeam Gate 47” is added to the pushback clearance, the aircraft is pushed back so that taxiway M5 remains available.",,aip+tr,AMDT 7/26,review,
45:2,45,Pushback Approved to Face South on R6,항공기 기수방향이 남쪽을 향하게 하고 Nose Gear 및 동체가 R6 유도선에 위치하도록 푸쉬백한다. * M6 유도로 개방,The aircraft shall be pushed back onto taxilane R6 to face south. * Keep taxiway M6 clear.,,aip+tr,AMDT 7/26,review,
46:0,46,Pushback Approved to Face South (abeam Gate No.),"항공기 기수방향이 남쪽을 향하게 하고 Nose Gear 및 동체가 R4 유도선에 위치하도록 푸쉬백한다. * “Abeam Gate 47”라는 지시를 추가로 받을 경우, M5 유도로 사용이 가능하도록 푸쉬백","The aircraft shall be pushed back onto taxilane R4 to face south. * When “abeam Gate 47” is added to the pushback clearance, the aircraft is pushed back so that taxiway M5 remains available.",,aip+tr,,review,
46:1,46,Pushback Approved to Face North (abeam Gate No.),"항공기 기수방향이 북쪽을 향하게 하고 Nose Gear 및 동체가 R4 유도선에 위치하도록 푸쉬백한다. * “Abeam Gate 47”라는 지시를 추가로 받을 경우, M5 유도로 사용이 가능하도록 푸쉬백","The aircraft shall be pushed back onto taxilane R4 to face north. * When “abeam Gate 47” is added to the pushback clearance, the aircraft is pushed back so that taxiway M5 remains available.",,aip+tr,AMDT 7/26,review,
46:2,46,Pushback Approved to Face South on R6,항공기 기수방향이 남쪽을 향하게 하고 Nose Gear 및 동체가 R6 유도선에 위치하도록 푸쉬백한다. * M6 유도로 개방,The aircraft shall be pushed back onto taxilane R6 to face south. * Keep taxiway M6 clear.,,aip+tr,AMDT 7/26,review,
47:0,47,Pushback Approved to Face North,항공기 기수방향이 북쪽을 향하게 하고 Nose Gear 및 동체가 R4 유도선에 위치하도록 푸쉬백한다. * 주기장 47번에서 기수가 북쪽으로 후방견인시 M5유도로 이동항공기에 지장 없도록 푸쉬백,"The aircraft shall be pushed back onto taxilane R4 to face north. * At gate 47, when pushed back to face north, the aircraft is pushed back so as not to affect aircraft taxiing on taxiway M5.",,aip+tr,AMDT 7/26,review,
47:1,47,Pushback Approved to Face South on R6,항공기 기수방향이 남쪽을 향하게 하고 Nose Gear 및 동체가 R6 유도선에 위치하도록 푸쉬백한다.,The aircraft shall be pushed back to face south along taxilane R6.,,aip,AMDT 7/26,review,
47:2,47,Pushback Approved to Face South abeam Gate No,항공기 기수방향이 남쪽을 향하게 하고 지시된 주기장의 진입중심선까지 후방견인 하여 Nose Gear 및 동체가 R4 유도선에 위치하도록 푸쉬백한다.,The aircraft shall be pushed back to face south along taxilane R4 until the specific gate position.,,aip,AMDT 7/26,review,
48:0,48,Pushback Approved to Face North,항공기 기수방향이 북쪽을 향하게 하고 Nose Gear 및 동체가 R4 유도선에 위치하도록 푸쉬백한다.,The aircraft shall be pushed back onto taxilane R4 to face north.,,aip,AMDT 7/26,review,
48:1,48,Pushback Approved to Face South on R6,항공기 기수방향이 남쪽을 향하게 하고 Nose Gear 및 동체가 R6 유도선에 위치하도록 푸쉬백한다.,The aircraft shall be pushed back to face south along taxilane R6.,,aip,AMDT 7/26,review,
48:2,48,Pushback Approved to Face South abeam Gate No,항공기 기수방향이 남쪽을 향하게 하고 지시된 주기장의 진입중심선까지 후방견인 하여 Nose Gear 및 동체가 R4 유도선에 위치하도록 푸쉬백한다.,The aircraft shall be pushed back to face south along taxilane R4 until the specific gate position.,,aip,AMDT 7/26,review,
49:0,49,Pushback Approved to Face North,항공기 기수방향이 북쪽을 향하게 하고 blue line을 따라 푸쉬백하여 Nose Gear가 R4 유도선에 위치하도록 하며 항공기 후미는 후폭풍 방지벽을 향하도록 푸쉬백한다.,The aircraft shall be pushed back to face north along blue line until its nosewheel is at R4.,,aip,AMDT 7/26,review,
49:1,49,Pushback Approved to Point 5,항공기 기수방향이 북쪽을 향하게 하고 Yellow Line을 따라 푸쉬백하여 Point 5에 정확하게 Nose Gear를 정대시켜야 한다. L * 주기장 49번은 항공기 후면 후류 영향이 없도록 Blue Line을 따라 푸쉬백,"The aircraft shall be pushed back along yellow line until its nosewheel is at spot 5. * At gate 49, the aircraft is pushed back along blue line to minimize jet blast effect behind the aircraft.",,aip+tr,AMDT 7/26,review,
50:0,50,Pushback Approved to Point 5,항공기 기수방향이 북쪽을 향하게 하고 Yellow Line을 따라 푸쉬백하여 Point 5에 정확하게 Nose Gear를 정대시켜야 한다.,The aircraft shall be pushed back along yellow line until its nosewheel is at spot 5.,,aip,AMDT 7/26,review,
101:0,101,Pushback Approved to Face North,"항공기 기수방향이 북쪽을 향하게 하고 Nose Gear 및 동체가 R1 유도선에 위치하도록 푸쉬백한다. * 필요시, R9로","The aircraft shall be pushed back onto taxilane R1 to face north. * When required, the aircraft is pushed back onto taxilane R9.",,aip+tr,AMDT 7/26,review,
101:1,101,Pushback,하는 절차가 사용 될 수 있다. 이때 R1유도로가 개방될 수 있도록 푸쉬백,"If necessary, a pushback onto taxilane R9 may be used instead. In that case the aircraft is pushed back so that taxilane R1 remains clear.",,tr,,review,
102:0,102,Pushback Approved to Face North,항공기 기수방향이 북쪽을 향하게 하고 Nose Gear 및 동체가 R1 유도선에 위치하도록 푸쉬백한다. 이때 GSE도로가 개방될 수 있도록 푸쉬백한다.,The aircraft shall be pushed back onto taxilane R1 to face north. The aircraft is pushed back so that the GSE road remains clear.,,aip+tr,AMDT 7/26,review,
102:1,102,Pushback Approved to Face East,항공기 기수방향이 동쪽을 향하게 하고 Nose Gear 및 동체가 R9 유도선에 위치하도록 푸쉬백한다. * R1 유도로 개방,The aircraft shall be pushed back onto taxilane R9 to face east. * Keep taxilane R1 clear.,,aip+tr,AMDT 7/26,review,
103:0,103,Pushback Approved to Face East,항공기 기수방향이 동쪽을 향하게 하고 Nose Gear 및 동체가 AS 유도선에 위치하도록 푸쉬백한다. * R1 유도로 개방,The aircraft shall be pushed back onto taxilane AS to face east. * Keep taxilane R1 clear.,,aip+tr,AMDT 7/26,review,
103:1,103,Pushback Approved to Face South on R1,항공기 기수방향이 남쪽을 향하게 하고 Nose Gear 및 동체가 R1 유도선에 위치하도록 푸쉬백한다. * AS-R1-R8 구간 개방,The aircraft shall be pushed back onto taxilane R1 to face south. * Leaving the AS-R1-R8 section clear.,,aip+tr,AMDT 7/26,review,
104:0,104,Pushback Approved to Face East,항공기 기수방향이 동쪽을 향하게 하고 Nose Gear 및 동체가 R9 유도선에 위치하도록 푸쉬백한다.,The aircraft shall be pushed back onto taxilane R9 to face east.,,aip,AMDT 7/26,review,
104:1,104,Pushback Approved to Face West,항공기 기수방향이 서쪽을 향하게 하고 Nose Gear 및 동체가 R9 유도선에 위치하도록 푸쉬백한다.,The aircraft shall be pushed back onto taxilane R9 to face west.,,aip,AMDT 7/26,review,
105:0,105,Pushback Approved to Face East,항공기 기수방향이 동쪽을 향하게 하고 Nose Gear 및 동체가 AS 유도선에 위치하도록 푸쉬백한다.,The aircraft shall be pushed back onto taxilane AS to face east.,,aip,AMDT 7/26,review,
105:1,105,Pushback Approved to Face West,항공기 기수방향이 서쪽을 향하게 하고 Nose Gear 및 동체가 AS 유도선에 위치하도록 푸쉬백한다.,The aircraft shall be pushed back onto taxilane AS to face west.,,aip,AMDT 7/26,review,
106:0,106,Pushback Approved to Face East,항공기 기수방향이 동쪽을 향하게 하고 Nose Gear 및 동체가 R9 유도선에 위치하도록 푸쉬백한다.,The aircraft shall be pushed back onto taxilane R9 to face east.,,aip,AMDT 7/26,review,
106:1,106,Pushback Approved to Face West,항공기 기수방향이 서쪽을 향하게 하고 Nose Gear 및 동체가 R9 유도선에 위치하도록 푸쉬백한다.,The aircraft shall be pushed back onto taxilane R9 to face west.,,aip,AMDT 7/26,review,
107:0,107,Pushback Approved to Face East,항공기 기수방향이 동쪽을 향하게 하고 Nose Gear 및 동체가 AS 유도선에 위치하도록 푸쉬백한다.,The aircraft shall be pushed back onto taxilane AS to face east.,,aip,AMDT 7/26,review,
107:1,107,Pushback Approved to Face West,항공기 기수방향이 서쪽을 향하게 하고 Nose Gear 및 동체가 AS 유도선에 위치하도록 푸쉬백한다.,The aircraft shall be pushed back onto taxilane AS to face west.,,aip,AMDT 7/26,review,
108:0,108,Pushback Approved to Face East,항공기 기수방향이 동쪽을 향하게 하고 Nose Gear 및 동체가 R9 유도선에 위치하도록 푸쉬백한다.,The aircraft shall be pushed back onto taxilane R9 to face east.,,aip,AMDT 7/26,review,
108:1,108,Pushback Approved to Face West,항공기 기수방향이 서쪽을 향하게 하고 Nose Gear 및 동체가 R9 유도선에 위치하도록 푸쉬백한다.,The aircraft shall be pushed back onto taxilane R9 to face west.,,aip,AMDT 7/26,review,
109:0,109,Pushback Approved to Face East,항공기 기수방향이 동쪽을 향하게 하고 Nose Gear 및 동체가 AS 유도선에 위치하도록 푸쉬백한다.,The aircraft shall be pushed back onto taxilane AS to face east.,,aip,AMDT 7/26,review,
109:1,109,Pushback Approved to Face West,항공기 기수방향이 서쪽을 향하게 하고 Nose Gear 및 동체가 AS 유도선에 위치하도록 푸쉬백한다.,The aircraft shall be pushed back onto taxilane AS to face west.,,aip,AMDT 7/26,review,
110:0,110,Pushback Approved to Face East,항공기 기수방향이 동쪽을 향하게 하고 Nose Gear 및 동체가 R9 유도선에 위치하도록 푸쉬백한다.,The aircraft shall be pushed back onto taxilane R9 to face east.,,aip,AMDT 7/26,review,
110:1,110,Pushback Approved to Face West,항공기 기수방향이 서쪽을 향하게 하고 Nose Gear 및 동체가 R9 유도선에 위치하도록 푸쉬백한다.,The aircraft shall be pushed back onto taxilane R9 to face west.,,aip,AMDT 7/26,review,
111:0,111,Pushback Approved to Face East,항공기 기수방향이 동쪽을 향하게 하고 Nose Gear 및 동체가 AS 유도선에 위치하도록 푸쉬백한다.,The aircraft shall be pushed back onto taxilane AS to face east.,,aip,AMDT 7/26,review,
111:1,111,Pushback Approved to Face West,항공기 기수방향이 서쪽을 향하게 하고 Nose Gear 및 동체가 AS 유도선에 위치하도록 푸쉬백한다.,The aircraft shall be pushed back onto taxilane AS to face west.,,aip,AMDT 7/26,review,
112:0,112,Pushback Approved to Face East,항공기 기수방향이 동쪽을 향하게 하고 Nose Gear 및 동체가 R9 유도선에 위치하도록 푸쉬백한다.,The aircraft shall be pushed back onto taxilane R9 to face east.,,aip,AMDT 7/26,review,
112:1,112,Pushback Approved to Face West,항공기 기수방향이 서쪽을 향하게 하고 Nose Gear 및 동체가 R9 유도선에 위치하도록 푸쉬백한다.,The aircraft shall be pushed back onto taxilane R9 to face west.,,aip,AMDT 7/26,review,
113:0,113,Pushback Approved to Face East,항공기 기수방향이 동쪽을 향하게 하고 Nose Gear 및 동체가 AS 유도선에 위치하도록 푸쉬백한다.,The aircraft shall be pushed back onto taxilane AS to face east.,,aip,AMDT 7/26,review,
113:1,113,Pushback Approved to Face West,항공기 기수방향이 서쪽을 향하게 하고 Nose Gear 및 동체가 AS 유도선에 위치하도록 푸쉬백한다.,The aircraft shall be pushed back onto taxilane AS to face west.,,aip,AMDT 7/26,review,
114:0,114,Pushback Approved to Face East,항공기 기수방향이 동쪽을 향하게 하고 Nose Gear 및 동체가 R9 유도선에 위치하도록 푸쉬백한다.,The aircraft shall be pushed back onto taxilane R9 to face east.,,aip,AMDT 7/26,review,
114:1,114,Pushback Approved to Face West,항공기 기수방향이 서쪽을 향하게 하고 Nose Gear 및 동체가 R9 유도선에 위치하도록 푸쉬백한다.,The aircraft shall be pushed back onto taxilane R9 to face west.,,aip,AMDT 7/26,review,
115:0,115,Pushback Approved to Face East,항공기 기수방향이 동쪽을 향하게 하고 Nose Gear 및 동체가 AS 유도선에 위치하도록 푸쉬백한다.,The aircraft shall be pushed back onto taxilane AS to face east.,,aip,AMDT 7/26,review,
115:1,115,Pushback Approved to Face West,항공기 기수방향이 서쪽을 향하게 하고 Nose Gear 및 동체가 AS 유도선에 위치하도록 푸쉬백한다.,The aircraft shall be pushed back onto taxilane AS to face west.,,aip,AMDT 7/26,review,
117:0,117,Pushback Approved to Face East,항공기 기수방향이 동쪽을 향하게 하고 Nose Gear 및 동체가 AS 유도선에 위치하도록 푸쉬백한다.,The aircraft shall be pushed back onto taxilane AS to face east.,,aip,AMDT 7/26,review,
117:1,117,Pushback Approved to Face West,항공기 기수방향이 서쪽을 향하게 하고 Nose Gear 및 동체가 AS 유도선에 위치하도록 푸쉬백한다.,The aircraft shall be pushed back onto taxilane AS to face west.,,aip,AMDT 7/26,review,
118:0,118,Pushback Approved to Face East,항공기 기수방향이 동쪽을 향하게 하고 Nose Gear 및 동체가 R9 유도선에 위치하도록 푸쉬백한다.,The aircraft shall be pushed back onto taxilane R9 to face east.,,aip,AMDT 7/26,review,
118:1,118,Pushback Approved to Face West,항공기 기수방향이 서쪽을 향하게 하고 Nose Gear 및 동체가 R9 유도선에 위치하도록 푸쉬백한다.,The aircraft shall be pushed back onto taxilane R9 to face west.,,aip,AMDT 7/26,review,
119:0,119,Pushback Approved to Face East,항공기 기수방향이 동쪽을 향하게 하고 Nose Gear 및 동체가 AS 유도선에 위치하도록 푸쉬백한다.,The aircraft shall be pushed back onto taxilane AS to face east.,,aip,AMDT 7/26,review,
119:1,119,Pushback Approved to Face West,항공기 기수방향이 서쪽을 향하게 하고 Nose Gear 및 동체가 AS 유도선에 위치하도록 푸쉬백한다.,The aircraft shall be pushed back onto taxilane AS to face west.,,aip,AMDT 7/26,review,
121:0,121,Pushback Approved to Face East,항공기 기수방향이 동쪽을 향하게 하고 Nose Gear 및 동체가 AS 유도선에 위치하도록 푸쉬백한다.,The aircraft shall be pushed back onto taxilane AS to face east.,,aip,AMDT 7/26,review,
121:1,121,Pushback Approved to Face West,항공기 기수방향이 서쪽을 향하게 하고 Nose Gear 및 동체가 AS 유도선에 위치하도록 푸쉬백한다.,The aircraft shall be pushed back onto taxilane AS to face west.,,aip,AMDT 7/26,review,
122:0,122,Pushback Approved to Face East,항공기 기수방향이 동쪽을 향하게 하고 Nose Gear 및 동체가 R9 유도선에 위치하도록 푸쉬백한다.,The aircraft shall be pushed back onto taxilane R9 to face east.,,aip,AMDT 7/26,review,
122:1,122,Pushback Approved to Face West,항공기 기수방향이 서쪽을 향하게 하고 Nose Gear 및 동체가 R9 유도선에 위치하도록 푸쉬백한다.,The aircraft shall be pushed back onto taxilane R9 to face west.,,aip,AMDT 7/26,review,
123:0,123,Pushback Approved to Face East,항공기 기수방향이 동쪽을 향하게 하고 Nose Gear 및 동체가 AS 유도선에 위치하도록 푸쉬백한다.,The aircraft shall be pushed back onto taxilane AS to face east.,,aip,AMDT 7/26,review,
123:1,123,Pushback Approved to Face West,항공기 기수방향이 서쪽을 향하게 하고 Nose Gear 및 동체가 AS 유도선에 위치하도록 푸쉬백한다.,The aircraft shall be pushed back onto taxilane AS to face west.,,aip,AMDT 7/26,review,
124:0,124,Pushback Approved to Face East,항공기 기수방향이 동쪽을 향하게 하고 Nose Gear 및 동체가 R9 유도선에 위치하도록 푸쉬백한다.,The aircraft shall be pushed back onto taxilane R9 to face east.,,aip,AMDT 7/26,review,
124:1,124,Pushback Approved to Face West,항공기 기수방향이 서쪽을 향하게 하고 Nose Gear 및 동체가 R9 유도선에 위치하도록 푸쉬백한다.,The aircraft shall be pushed back onto taxilane R9 to face west.,,aip,AMDT 7/26,review,
125:0,125,Pushback Approved to Face East,항공기 기수방향이 동쪽을 향하게 하고 Nose Gear 및 동체가 AS 유도선에 위치하도록 푸쉬백한다.,The aircraft shall be pushed back onto taxilane AS to face east.,,aip,AMDT 7/26,review,
125:1,125,Pushback Approved to Face West,항공기 기수방향이 서쪽을 향하게 하고 Nose Gear 및 동체가 AS 유도선에 위치하도록 푸쉬백한다.,The aircraft shall be pushed back onto taxilane AS to face west.,,aip,AMDT 7/26,review,
126:0,126,Pushback Approved to Face East,항공기 기수방향이 동쪽을 향하게 하고 Nose Gear 및 동체가 R9 유도선에 위치하도록 푸쉬백한다.,The aircraft shall be pushed back onto taxilane R9 to face east.,,aip,AMDT 7/26,review,
126:1,126,Pushback Approved to Face West,항공기 기수방향이 서쪽을 향하게 하고 Nose Gear 및 동체가 R9 유도선에 위치하도록 푸쉬백한다.,The aircraft shall be pushed back onto taxilane R9 to face west.,,aip,AMDT 7/26,review,
127:0,127,Pushback Approved to Face East,항공기 기수방향이 동쪽을 향하게 하고 Nose Gear 및 동체가 AS 유도선에 위치하도록 푸쉬백한다.,The aircraft shall be pushed back onto taxilane AS to face east.,,aip,AMDT 7/26,review,
127:1,127,Pushback Approved to Face West,항공기 기수방향이 서쪽을 향하게 하고 Nose Gear 및 동체가 AS 유도선에 위치하도록 푸쉬백한다.,The aircraft shall be pushed back onto taxilane AS to face west.,,aip,AMDT 7/26,review,
128:0,128,Pushback Approved to Face East,항공기 기수방향이 동쪽을 향하게 하고 Nose Gear 및 동체가 R9 유도선에 위치하도록 푸쉬백한다.,The aircraft shall be pushed back onto taxilane R9 to face east.,,aip,AMDT 7/26,review,
128:1,128,Pushback Approved to Face West,항공기 기수방향이 서쪽을 향하게 하고 Nose Gear 및 동체가 R9 유도선에 위치하도록 푸쉬백한다.,The aircraft shall be pushed back onto taxilane R9 to face west.,,aip,AMDT 7/26,review,
129:0,129,Pushback Approved to Face East,항공기 기수방향이 동쪽을 향하게 하고 Nose Gear 및 동체가 AS 유도선에 위치하도록 푸쉬백한다.,The aircraft shall be pushed back onto taxilane AS to face east.,,aip,AMDT 7/26,review,
129:1,129,Pushback Approved to Face West,항공기 기수방향이 서쪽을 향하게 하고 Nose Gear 및 동체가 AS 유도선에 위치하도록 푸쉬백한다.,The aircraft shall be pushed back onto taxilane AS to face west.,,aip,AMDT 7/26,review,
130:0,130,Pushback Approved to Face West,항공기 기수방향이 서쪽을 향하게 하고 Nose Gear 및 동체가 R9 유도선에 위치하도록 푸쉬백한다. * R4 유도선 개방,The aircraft shall be pushed back onto taxilane R9 to face west. * Keep taxilane R4 clear.,,aip+tr,AMDT 7/26,review,
130:1,130,Pushback Approved to Face North on R4,항공기 기수방향이 북쪽을 향하게 하고 Nose Gear 및 동체가 R4 유도선에 위치하도록 푸쉬백한다. * R9 유도선 개방,The aircraft shall be pushed back onto taxilane R4 to face north. * Keep taxilane R9 clear.,,aip+tr,AMDT 7/26,review,
131:0,131,Pushback Approved to Face South,항공기 기수방향이 남쪽을 향하게 하고 Nose Gear 및 동체가 R4 유도선에 위치하도록 푸쉬백한다.,The aircraft shall be pushed back onto taxilane R4 to face south.,,aip,AMDT 7/26,review,
131:1,131,Pushback Approved to Face West,항공기 기수방향이 서쪽을 향하게 하고 Nose Gear 및 동체가 AS 유도선에 위치하도록 푸쉬백한다. * R4 유도로 개방,The aircraft shall be pushed back onto taxilane AS to face west. * Keep taxilane R4 clear.,,aip+tr,AMDT 7/26,review,
132:0,132,Pushback Approved to Face South,항공기 기수방향이 남쪽을 향하게 하고 Nose Gear 및 동체가 R4 유도선에 위치하도록 푸쉬백한다. * GSE 도로 개방,The aircraft shall be pushed back onto taxilane R4 to face south. * Leaving the GSE road clear.,,aip+tr,AMDT 7/26,review,
208:0,208,Pushback Approved to Face East,항공기 기수방향이 동쪽을 향하게 하고 Nose Gear 및 동체가 RW 유도선에 위치하도록 푸쉬백한다.,The aircraft shall be pushed back onto taxilane RW to face east.,,aip,AMDT 7/26,review,
208:1,208,Pushback Approved to Point 54,항공기 기수방향이 동쪽을 향하게 하고 RW유도선을 따라 견인하여 Nose Gear를 Point 54에 정대시킨다.,The aircraft shall be pushed back to face east until its nosewheel is at spot 54.,,aip,AMDT 7/26,review,
208:2,208,Pushback Approved to Face South on R24,항공기 기수방향을 남쪽으로 향하게 하고 R24유도선을 따라 푸쉬백하여 Nose Gear를 R24상에 정대시킨다.,The aircraft shall be pushed back onto taxilane R24 to face south.,,aip,AMDT 7/26,review,
208R:0,208R,Pushback Approved to Face East,항공기 기수방향이 동쪽을 향하게 하고 Nose Gear 및 동체가 R17 유도선에 위치하도록 푸쉬백한다.,The aircraft shall be pushed back onto taxilane R17 to face east.,,aip,AMDT 7/26,review,
209:0,209,Pushback Approved to Face East,항공기 기수방향이 동쪽을 향하게 하고 Nose Gear 및 동체가 RW 유도선에 위치하도록 푸쉬백한다.,The aircraft shall be pushed back onto taxilane RW to face east.,,aip,AMDT 7/26,review,
209:1,209,Pushback Approved to Point 54,항공기 기수방향이 동쪽을 향하게 하고 RW유도선을 따라 견인하여 Nose Gear를 Point 54에 정대시킨다.,The aircraft shall be pushed back to face east until its nosewheel is at spot 54.,,aip,AMDT 7/26,review,
209:2,209,Pushback Approved to Face South on R24,항공기 기수방향을 남쪽으로 향하게 하고 R24유도선을 따라 푸쉬백하여 Nose Gear를 R24상에 정대시킨다.,The aircraft shall be pushed back onto taxilane R24 to face south.,,aip,AMDT 7/26,review,
210:0,210,Pushback Approved to Face East,항공기 기수방향이 동쪽을 향하게 하고 Nose Gear 및 동체가 RW 유도선에 위치하도록 푸쉬백한다.,The aircraft shall be pushed back onto taxilane RW to face east.,,aip,AMDT 7/26,review,
210:1,210,Pushback Approved to Face West,항공기 기수방향이 서쪽을 향하게 하고 Nose Gear 및 동체가 RW 유도선에 위치하도록 푸쉬백한다.,The aircraft shall be pushed back onto taxilane RW to face west.,,aip,AMDT 7/26,review,
210:2,210,Pushback Approved to point 54,항공기 기수방향이 동쪽을 향하게 하고 RW유도선을 따라 견인하여 Nose Gear를 Point 54에 정대시킨다.,The aircraft shall be pushed back to face east and then towed forward until its nosewheel is at spot 54.,,aip,AMDT 7/26,review,
211:0,211,Pushback Approved to Face East,항공기 기수방향이 동쪽을 향하게 하고 Nose Gear 및 동체가 RW 유도선에 위치하도록 푸쉬백한다.,The aircraft shall be pushed back onto taxilane RW to face east.,,aip,AMDT 7/26,review,
211:1,211,Pushback Approved to Face West,항공기 기수방향이 서쪽을 향하게 하고 Nose Gear 및 동체가 RW 유도선에 위치하도록 푸쉬백한다.,The aircraft shall be pushed back onto taxilane RW to face west.,,aip,AMDT 7/26,review,
211:2,211,Pushback Approved to point 54,항공기 기수방향이 동쪽을 향하게 하고 RW유도선을 따라 견인하여 Nose Gear를 Point 54에 정대시킨다.,The aircraft shall be pushed back to face east and then towed forward until its nosewheel is at spot 54.,,aip,AMDT 7/26,review,
212:0,212,Pushback Approved to Face East,항공기 기수방향이 동쪽을 향하게 하고 Nose Gear 및 동체가 RW 유도선에 위치하도록 푸쉬백한다.,The aircraft shall be pushed back onto taxilane RW to face east.,,aip,AMDT 7/26,review,
212:1,212,Pushback Approved to Face West,항공기 기수방향이 서쪽을 향하게 하고 Nose Gear 및 동체가 RW 유도선에 위치하도록 푸쉬백한다.,The aircraft shall be pushed back onto taxilane RW to face west.,,aip,AMDT 7/26,review,
213:0,213,Pushback Approved to Face East,항공기 기수방향이 동쪽을 향하게 하고 Nose Gear 및 동체가 RW 유도선에 위치하도록 푸쉬백한다.,The aircraft shall be pushed back onto taxilane RW to face east.,,aip,AMDT 7/26,review,
213:1,213,Pushback Approved to Face West,항공기 기수방향이 서쪽을 향하게 하고 Nose Gear 및 동체가 RW 유도선에 위치하도록 푸쉬백한다.,The aircraft shall be pushed back onto taxilane RW to face west.,,aip,AMDT 7/26,review,
214:0,214,Pushback Approved to Face East,항공기 기수방향이 동쪽을 향하게 하고 Nose Gear 및 동체가 RW 유도선에 위치하도록 푸쉬백한다.,The aircraft shall be pushed back onto taxilane RW to face east.,,aip,AMDT 7/26,review,
214:1,214,Pushback Approved to Face West,항공기 기수방향이 서쪽을 향하게 하고 Nose Gear 및 동체가 RW 유도선에 위치하도록 푸쉬백한다.,The aircraft shall be pushed back onto taxilane RW to face west.,,aip,AMDT 7/26,review,
214:2,214,Pushback Approved to Point 53,항공기 기수방향이 북쪽을 향하게 하고 R4유도선을 따라 견인하여 Nose Gear를 Point 53에 정대시킨다.,The aircraft shall be pushed back to face north until its nosewheel is at spot 53.,,aip,AMDT 7/26,review,
214R:0,214R,Pushback Approved to Point 53,항공기 기수방향이 북쪽을 향하게 하고 R4유도선을 따라 견인하여 Nose Gear를 Point 53에 정대시킨다.,The aircraft shall be pushed back to face north until its nosewheel is at spot 53.,,aip,AMDT 7/26,review,
214R:1,214R,Pushback Approved to Point 52,항공기 기수방향이 남쪽을 향하게 하고 R4유도선을 따라 견인하여 Nose Gear를 Point 52에 정대시킨다.,The aircraft shall be pushed back to face south and then towed forward along taxilane R4 until its nosewheel is at spot 52.,,tr,,review,
215:0,215,Pushback Approved to Face East,항공기 기수방향이 동쪽을 향하게 하고 Nose Gear 및 동체가 RW 유도선에 위치하도록 푸쉬백한다.,The aircraft shall be pushed back onto taxilane RW to face east.,,aip,AMDT 7/26,review,
215:1,215,Pushback Approved to Face West,항공기 기수방향이 서쪽을 향하게 하고 Nose Gear 및 동체가 RW 유도선에 위치하도록 푸쉬백한다.,The aircraft shall be pushed back onto taxilane RW to face west.,,aip,AMDT 7/26,review,
215:2,215,Pushback Approved to Point 53,항공기 기수방향이 북쪽을 향하게 하고 R4유도선을 따라 견인하여 Nose Gear를 Point 53에 정대시킨다.,The aircraft shall be pushed back to face north until its nosewheel is at spot 53.,,aip,AMDT 7/26,review,
216:0,216,Pushback Approved to Face South,항공기 기수방향이 남쪽을 향하게 하고 Nose Gear 및 동체가 R4 유도선에 위치하도록 푸쉬백한다.,The aircraft shall be pushed back onto taxilane R4 to face south.,,aip,AMDT 7/26,review,
216:1,216,Pushback Approved to Face North,항공기 기수방향이 북쪽을 향하게 하고 Nose Gear 및 동체가 R4 유도선에 위치하도록 푸쉬백한다. * M15 항공기 이동 가능하도록 SHORT PUSHBACK 할 것!,The aircraft shall be pushed back onto taxilane R4 to face north. * The pushback is kept short so that aircraft can move on taxiway M15.,,aip+tr,AMDT 7/26,review,
216:2,216,Pushback Approved to Point 53,항공기 기수방향이 북쪽을 향하게 하고 R4유도선을 따라 견인하여 Nose Gear를 Point 53에 정대시킨다.,The aircraft shall be pushed back to face north and then towed forward until its nosewheel is at spot 53.,,aip,AMDT 7/26,review,
217:0,217,Pushback Approved to Face South,항공기 기수방향이 남쪽을 향하게 하고 Nose Gear 및 동체가 R4 유도선에 위치하도록 푸쉬백한다.,The aircraft shall be pushed back onto taxilane R4 to face south.,,aip,AMDT 7/26,review,
217:1,217,Pushback Approved to Face North,항공기 기수방향이 북쪽을 향하게 하고 Nose Gear 및 동체가 R4 유도선에 위치하도록 푸쉬백한다.,The aircraft shall be pushed back onto taxilane R4 to face north.,,aip,AMDT 7/26,review,
217:2,217,Pushback Approved to Point 52,항공기 기수방향이 남쪽을 향하게 하고 R4유도선을 따라 푸쉬백하여 Nose Gear를 Point 52에 정대시킨다.,The aircraft shall be pushed back to face south until its nosewheel is at spot 52.,,aip,AMDT 7/26,review,
218:0,218,Pushback Approved to Face South,항공기 기수방향이 남쪽을 향하게 하고 Nose Gear 및 동체가 R4 유도선에 위치하도록 푸쉬백한다.,The aircraft shall be pushed back onto taxilane R4 to face south.,,aip,AMDT 7/26,review,
218:1,218,Pushback Approved to Face North,항공기 기수방향이 북쪽을 향하게 하고 Nose Gear 및 동체가 R4 유도선에 위치하도록 푸쉬백한다.,The aircraft shall be pushed back onto taxilane R4 to face north.,,aip,AMDT 7/26,review,
218:2,218,Pushback Approved to Point 52,항공기 기수방향이 남쪽을 향하게 하고 R4유도선을 따라 푸쉬백하여 Nose Gear를 Point 52에 정대시킨다.,The aircraft shall be pushed back to face south until its nosewheel is at spot 52.,,aip,AMDT 7/26,review,
219:0,219,Pushback Approved to Face South,항공기 기수방향이 남쪽을 향하게 하고 Nose Gear 및 동체가 R4 유도선에 위치하도록 푸쉬백한다.,The aircraft shall be pushed back onto taxilane R4 to face south.,,aip+tr,,review,
219:1,219,Pushback Approved to Face North,항공기 기수방향이 북쪽을 향하게 하고 Nose Gear 및 동체가 R4 유도선에 위치하도록 푸쉬백한다.,The aircraft shall be pushed back onto taxilane R4 to face north.,,aip,AMDT 7/26,review,
220:0,220,Pushback Approved to Face South,항공기 기수방향이 남쪽을 향하게 하고 Nose Gear 및 동체가 R4 유도선에 위치하도록 푸쉬백한다.,The aircraft shall be pushed back onto taxilane R4 to face south.,,aip+tr,,review,
220:1,220,Pushback Approved to Face North,항공기 기수방향이 북쪽을 향하게 하고 Nose Gear 및 동체가 R4 유도선에 위치하도록 푸쉬백한다.,The aircraft shall be pushed back onto taxilane R4 to face north.,,aip,AMDT 7/26,review,
221:0,221,Pushback Approved to Face South,항공기 기수방향이 남쪽을 향하게 하고 Nose Gear 및 동체가 R4 유도선에 위치하도록 푸쉬백한다.,The aircraft shall be pushed back onto taxilane R4 to face south.,,aip+tr,,review,
221:1,221,Pushback Approved to Face North,항공기 기수방향이 북쪽을 향하게 하고 Nose Gear 및 동체가 R4 유도선에 위치하도록 푸쉬백한다.,The aircraft shall be pushed back onto taxilane R4 to face north.,,aip,AMDT 7/26,review,
222:0,222,Pushback Approved to Face South,항공기 기수방향이 남쪽을 향하게 하고 Nose Gear 및 동체가 R4 유도선에 위치하도록 푸쉬백한다.,The aircraft shall be pushed back onto taxilane R4 to face south.,,aip+tr,,review,
222:1,222,Pushback Approved to Face North,항공기 기수방향이 북쪽을 향하게 하고 Nose Gear 및 동체가 R4 유도선에 위치하도록 푸쉬백한다.,The aircraft shall be pushed back onto taxilane R4 to face north.,,aip,AMDT 7/26,review,
224:0,224,Pushback Approved to Face South,항공기 기수방향이 남쪽을 향하게 하고 Nose Gear 및 동체가 R4 유도선에 위치하도록 푸쉬백한다.,The aircraft shall be pushed back onto taxilane R4 to face south.,,aip+tr,,review,
224:1,224,Pushback Approved to Face North,항공기 기수방향이 북쪽을 향하게 하고 Nose Gear 및 동체가 R4 유도선에 위치하도록 푸쉬백한다.,The aircraft shall be pushed back onto taxilane R4 to face north.,,aip,AMDT 7/26,review,
224:2,224,Pushback Approved to Point 51,항공기 기수방향이 북쪽을 향하게 하고 R4유도선을 따라 견인하여 Nose Gear를 Point 51에 정대시킨다.,The aircraft shall be pushed back to face north and then towed forward until its nosewheel is at spot 51.,,aip,AMDT 7/26,review,
224L:0,224L,Pushback Approved to Face South,항공기 기수방향이 남쪽을 향하게 하고 Nose Gear 및 동체가 R4 유도선에 위치하도록 푸쉬백한다.,The aircraft shall be pushed back onto taxilane R4 to face south.,,aip,AMDT 7/26,review,
224L:1,224L,Pushback Approved to Face North,항공기 기수방향이 북쪽을 향하게 하고 Nose Gear 및 동체가 R4 유도선에 위치하도록 푸쉬백한다.,The aircraft shall be pushed back onto taxilane R4 to face north.,,aip,AMDT 7/26,review,
224R:0,224R,Pushback Approved to Face South,항공기 기수방향이 남쪽을 향하게 하고 Nose Gear 및 동체가 R4 유도선에 위치하도록 푸쉬백한다.,The aircraft shall be pushed back onto taxilane R4 to face south.,,aip,AMDT 7/26,review,
224R:1,224R,Pushback Approved to Face North,항공기 기수방향이 북쪽을 향하게 하고 Nose Gear 및 동체가 R4 유도선에 위치하도록 푸쉬백한다.,The aircraft shall be pushed back onto taxilane R4 to face north.,,aip,AMDT 7/26,review,
224R:2,224R,Pushback Approved to Point 51,항공기 기수방향이 북쪽을 향하게 하고 R4유도선을 따라 견인하여 Nose Gear를 Point 51에 정대시킨다.,The aircraft shall be pushed back to face north and then towed forward until its nosewheel is at spot 51.,,aip,AMDT 7/26,review,
225:0,225,Pushback Approved to Face South,항공기 기수방향이 남쪽을 향하게 하고 Nose Gear 및 동체가 R4 유도선에 위치하도록 푸쉬백한다.,The aircraft shall be pushed back onto taxilane R4 to face south.,,aip+tr,,review,
225:1,225,Pushback Approved to Face North,항공기 기수방향이 북쪽을 향하게 하고 Nose Gear 및 동체가 R4 유도선에 위치하도록 푸쉬백한다.,The aircraft shall be pushed back onto taxilane R4 to face north.,,aip,AMDT 7/26,review,
231:0,231,Pushback Approved to Face South,항공기 기수방향이 남쪽을 향하게 하고 Nose Gear 및 동체가 R4 유도선에 위치하도록 푸쉬백한다.,The aircraft shall be pushed back onto taxilane R4 to face south.,,aip+tr,,review,
231:1,231,Pushback Approved to Face North,항공기 기수방향이 북쪽을 향하게 하고 Nose Gear 및 동체가 R4 유도선에 위치하도록 푸쉬백한다.,The aircraft shall be pushed back onto taxilane R4 to face north.,,aip,AMDT 7/26,review,
231L:0,231L,Pushback Approved to Face South,항공기 기수방향이 남쪽을 향하게 하고 Nose Gear 및 동체가 R4 유도선에 위치하도록 푸쉬백한다.,The aircraft shall be pushed back onto taxilane R4 to face south.,,aip,AMDT 7/26,review,
231L:1,231L,Pushback Approved to Face North,항공기 기수방향이 북쪽을 향하게 하고 Nose Gear 및 동체가 R4 유도선에 위치하도록 푸쉬백한다.,The aircraft shall be pushed back onto taxilane R4 to face north.,,aip,AMDT 7/26,review,
231R:0,231R,Pushback Approved to Face South,항공기 기수방향이 남쪽을 향하게 하고 Nose Gear 및 동체가 R4 유도선에 위치하도록 푸쉬백한다.,The aircraft shall be pushed back onto taxilane R4 to face south.,,aip,AMDT 7/26,review,
231R:1,231R,Pushback Approved to Face North,항공기 기수방향이 북쪽을 향하게 하고 Nose Gear 및 동체가 R4 유도선에 위치하도록 푸쉬백한다.,The aircraft shall be pushed back onto taxilane R4 to face north.,,aip,AMDT 7/26,review,
232:0,232,Pushback Approved to Face South,항공기 기수방향이 남쪽을 향하게 하고 Nose Gear 및 동체가 R4 유도선에 위치하도록 푸쉬백한다.,The aircraft shall be pushed back onto taxilane R4 to face south.,,aip+tr,,review,
232:1,232,Pushback Approved to Face North,항공기 기수방향이 북쪽을 향하게 하고 Nose Gear 및 동체가 R4 유도선에 위치하도록 푸쉬백한다.,The aircraft shall be pushed back onto taxilane R4 to face north.,,aip,AMDT 7/26,review,
232L:0,232L,Pushback Approved to Face South,항공기 기수방향이 남쪽을 향하게 하고 Nose Gear 및 동체가 R4 유도선에 위치하도록 푸쉬백한다.,The aircraft shall be pushed back onto taxilane R4 to face south.,,aip,AMDT 7/26,review,
232L:1,232L,Pushback Approved to Face North,항공기 기수방향이 북쪽을 향하게 하고 Nose Gear 및 동체가 R4 유도선에 위치하도록 푸쉬백한다.,The aircraft shall be pushed back onto taxilane R4 to face north.,,aip,AMDT 7/26,review,
232R:0,232R,Pushback Approved to Face South,항공기 기수방향이 남쪽을 향하게 하고 Nose Gear 및 동체가 R4 유도선에 위치하도록 푸쉬백한다.,The aircraft shall be pushed back onto taxilane R4 to face south.,,aip,AMDT 7/26,review,
232R:1,232R,Pushback Approved to Face North,항공기 기수방향이 북쪽을 향하게 하고 Nose Gear 및 동체가 R4 유도선에 위치하도록 푸쉬백한다.,The aircraft shall be pushed back onto taxilane R4 to face north.,,aip,AMDT 7/26,review,
233:0,233,Pushback Approved to Face South,항공기 기수방향이 남쪽을 향하게 하고 Nose Gear 및 동체가 R4 유도선에 위치하도록 푸쉬백한다. * 후방견인시 R4 횡단 GSE도로를 개방하여 푸쉬백,The aircraft shall be pushed back onto taxilane R4 to face south. * The aircraft is pushed back so that the GSE road crossing taxilane R4 remains clear.,,aip+tr,,review,
233:1,233,Pushback Approved to Face North,항공기 기수방향이 북쪽을 향하게 하고 Nose Gear 및 동체가 R4 유도선에 위치하도록 푸쉬백한다. * 후방견인시 R4 횡단 GSE도로를 개방하여 푸쉬백,The aircraft shall be pushed back onto taxilane R4 to face north. * The aircraft is pushed back so that the GSE road crossing taxilane R4 remains clear.,,aip+tr,AMDT 7/26,review,
234:0,234,Pushback Approved to Face South,항공기 기수방향이 남쪽을 향하게 하고 Nose Gear 및 동체가 R4 유도선에 위치하도록 푸쉬백한다. * 후방견인시 R4 횡단 GSE도로를 개방하여 푸쉬백,The aircraft shall be pushed back onto taxilane R4 to face south. * The aircraft is pushed back so that the GSE road crossing taxilane R4 remains clear.,,aip+tr,,review,
234:1,234,Pushback Approved to Face North,항공기 기수방향이 북쪽을 향하게 하고 Nose Gear 및 동체가 R4 유도선에 위치하도록 푸쉬백한다. * 후방견인시 R4 횡단 GSE도로를 개방하여 푸쉬백,The aircraft shall be pushed back onto taxilane R4 to face north. * The aircraft is pushed back so that the GSE road crossing taxilane R4 remains clear.,,aip+tr,AMDT 7/26,review,
235:0,235,Pushback Approved to Face South,항공기 기수방향이 남쪽을 향하게 하고 Nose Gear 및 동체가 R4 유도선에 위치하도록 푸쉬백한다.,The aircraft shall be pushed back onto taxilane R4 to face south.,,aip+tr,,review,
235:1,235,Pushback Approved to Face North,항공기 기수방향이 북쪽을 향하게 하고 Nose Gear 및 동체가 R4 유도선에 위치하도록 푸쉬백한다.,The aircraft shall be pushed back onto taxilane R4 to face north.,,aip,AMDT 7/26,review,
236:0,236,Pushback Approved to Face South,항공기 기수방향이 남쪽을 향하게 하고 Nose Gear 및 동체가 R4 유도선에 위치하도록 푸쉬백한다.,The aircraft shall be pushed back onto taxilane R4 to face south.,,aip+tr,,review,
236:1,236,Pushback Approved to Face North,항공기 기수방향이 북쪽을 향하게 하고 Nose Gear 및 동체가 R4 유도선에 위치하도록 푸쉬백한다.,The aircraft shall be pushed back onto taxilane R4 to face north.,,aip,AMDT 7/26,review,
236R:0,236R,Pushback Approved to Face South,항공기 기수방향이 남쪽을 향하게 하고 Nose Gear 및 동체가 R4유도선에 위치 및 R12 유도로를 개방하도록 푸쉬백한다.,"The aircraft shall be pushed back onto taxilane R4 to face south, leaving taxilane R12 clear.",,aip+tr,AMDT 7/26,review,
236R:1,236R,Pushback Approved to Face West,항공기 기수방향이 서쪽을 향하게 하고 Nose Gear 및 동체가 R12 유도선에 위치 및 R4 유도선을 개방하도록 푸쉬백한다.,"The aircraft shall be pushed back onto taxilane R12 to face west, leaving taxilane R4 clear.",,aip+tr,AMDT 7/26,review,
237:0,237,Pushback Approved to Face South,항공기 기수방향이 남쪽을 향하게 하고 Nose Gear 및 동체가 R4 유도선에 위치 및 R12 유도로를 개방하도록 푸쉬백한다.,"The aircraft shall be pushed back onto taxilane R4 to face south, leaving taxilane R12 clear.",,aip+tr,AMDT 7/26,review,
237:1,237,Pushback Approved to Blue,항공기 기수방향이 북쪽을 향하게 하여 Blue Line을 따라 후방견인하여 Nose Gear가 R12 유도선에 위치하도록 한다.,The aircraft shall be pushed back to face north along blue line until its nosewheel is at R12.,,aip,AMDT 7/26,review,
237:2,237,Pushback Approved to Face West,항공기 기수방향이 서쪽을 향하게 후방견인하여 Nose Gear 및 동체가 R12 유도선에 위치하도록 한다.,The aircraft shall be pushed back onto taxilane R12 to face west.,,aip,AMDT 7/26,review,
238:0,238,Pushback Approved to Blue,항공기 기수방향이 북쪽을 향하게 하여 Blue Line을 따라 후방견인하여 Nose Gear가 R12 유도선에 위치하도록 한다.,The aircraft shall be pushed back to face north along blue line until its nosewheel is at R12.,,aip,AMDT 7/26,review,
238:1,238,Pushback Approved to Face East,항공기 기수방향이 동쪽을 향하게 후방견인하여 Nose Gear 및 동체가 R12/R4 유도선에 위치하도록 한다.,The aircraft shall be pushed back onto taxilane R12 to face east.,,aip,AMDT 7/26,review,
238:2,238,Pushback Approved to Face West,항공기 기수방향이 서쪽을 향하게 후방견인하여 Nose Gear 및 동체가 R12/R4 유도선에 위치하도록 한다.,The aircraft shall be pushed back onto taxilane R12 to face west.,,aip,AMDT 7/26,review,
238:3,238,Pushback Approved to Face South,항공기 기수방향이 남쪽을 향하게 후방견인하여 Nose Gear 및 동체가 R12/R4 유도선에 위치하도록 한다.,The aircraft shall be pushed back onto taxilane R4 to face south.,,aip,AMDT 7/26,review,
238:4,238,"Pushback Approved to Point 31, Point 32",항공기 기수방향이 남쪽을 향하도록 후방견인하여 Nose Gear를 Point 31 또는 32에 정대시킨다.,The aircraft shall be pushed back to face south until its nosewheel is at spot 31 or 32.,,aip+tr,,review,
239:0,239,Pushback Approved to Blue,항공기 기수방향이 북쪽을 향하게 하여 Blue Line을 따라 후방견인하여 Nose Gear가 R12 유도선에 위치하도록 한다.,The aircraft shall be pushed back to face north along blue line until its nosewheel is at R12.,,aip,AMDT 7/26,review,
239:1,239,Pushback Approved to Face East,항공기 기수방향이 동쪽을 향하게 후방견인하여 Nose Gear 및 동체가 R12/R4 유도선에 위치하도록 한다.,The aircraft shall be pushed back onto taxilane R12 to face east.,,aip,AMDT 7/26,review,
239:2,239,Pushback Approved to Face West,항공기 기수방향이 서쪽을 향하게 후방견인하여 Nose Gear 및 동체가 R12/R4 유도선에 위치하도록 한다.,The aircraft shall be pushed back onto taxilane R12 to face west.,,aip,AMDT 7/26,review,
239:3,239,Pushback Approved to Face South,항공기 기수방향이 남쪽을 향하게 후방견인하여 Nose Gear 및 동체가 R12/R4 유도선에 위치하도록 한다.,The aircraft shall be pushed back onto taxilane R4 to face south.,,aip,AMDT 7/26,review,
239:4,239,"Pushback Approved to Point 31, Point 32",항공기 기수방향이 남쪽을 향하도록 후방견인하여 Nose Gear를 Point 31 또는 32에 정대시킨다.,The aircraft shall be pushed back to face south until its nosewheel is at spot 31 or 32.,,aip+tr,,review,
239R:0,239R,Pushback Approved to Face East,항공기 기수방향이 동쪽을 향하게 하고 Nose Gear 및 동체가 R12 유도선에 위치하도록 푸쉬백한다. * Face West 후방견인 시 RC 유도선을 개방하여 푸쉬백,The aircraft shall be pushed back onto taxilane R12 to face east. * A pushback to face west leaves taxilane RC clear.,,aip+tr,AMDT 7/26,review,
239R:1,239R,Pushback Approved to Face West,항공기 기수방향이 서쪽을 향하게 하고 Nose Gear 및 동체가 R12 유도선에 위치하도록 푸쉬백한다. * Face West 후방견인 시 RC 유도선을 개방하여 푸쉬백,The aircraft shall be pushed back onto taxilane R12 to face west. * Keep taxilane RC clear.,,aip+tr,AMDT 7/26,review,
239R:2,239R,"Pushback Approved to Point 31, Point 32",항공기 기수방향이 남쪽을 향하도록 후방견인하여 Nose Gear를 Point 31 또는 32에 정대시킨다.,The aircraft shall be pushed back to face south until its nosewheel is at spot 31 or 32.,,aip+tr,,review,
240:0,240,Pushback Approved to Blue,항공기 기수방향이 북쪽을 향하게 하여 Blue Line을 따라 후방견인하여 Nose Gear가 R12 유도선에 위치하도록 한다.,The aircraft shall be pushed back to face north along blue line until its nosewheel is at R12.,,aip,AMDT 7/26,review,
240:1,240,"Pushback Approved to Point 31, Point 32",항공기 기수방향이 남쪽을 향하도록 후방견인하여 Nose Gear를 Point 31(32)에 정대시킨다.,The aircraft shall be pushed back to face south until its nosewheel is at spot 31 or 32.,,aip+tr,,review,
240:2,240,Pushback Approved to Face East,"항공기 기수방향이 동쪽을 향하게 후방견인하여, Nose Gear 및 동체가 R12 유도선에 위치하도록 한다.",The aircraft shall be pushed back onto taxilane R12 to face east.,,aip,AMDT 7/26,review,
241:0,241,Pushback Approved to Face South,항공기 기수방향이 남쪽을 향하게 후방견인하여 Nose Gear를 RC 유도선 상에 정대시킨다.,The aircraft shall be pushed back to face south until its body is on taxilane RC.,,aip,AMDT 7/26,review,
241:1,241,Pushback Approved to Point 31,"항공기 기수방향을 남쪽으로 후방견인 한 후, RC 유도선을 따라 견인하여 Nose Gear를 RC 유도선 상의 Point 31에 정대시킨다. * 후방견인 시 R12로 이동하는 항공기와 간섭이 없도록 푸쉬백",The aircraft shall be pushed back to face south and then towed forward until its nosewheel is at spot 31. * The aircraft is pushed back so as not to interfere with aircraft moving onto taxilane R12.,,aip+tr,AMDT 7/26,review,
241:2,241,Pushback Approved to Point 32,항공기 기수방향을 남쪽을 향하게 후방견인 Nose Gear를 RC 유도선 상의 Point 32에 정대시킨다.,The aircraft shall be pushed back to face south until its nosewheel is at spot 32.,,aip,AMDT 7/26,review,
241:3,241,"Pushback Approved to Stand 816, Stand 817",항공기 기수방향이 서쪽을 향하게 하고 주기장 816 또는 817 까지 후방견인하여 Nose Gear 및 동체가 해당 주기장의 유도선에 위치하도록 한다.,The aircraft shall be pushed back onto the stand 816 or 817 to face west.,,aip+tr,,review,
241:4,241,Pushback Approved to Face East on R12,항공기 기수방향이 동쪽을 향하게 하고 Nose Gear 및 동체가 R12 유도선에 위치 및 RC유도선을 개방하도록 푸쉬백한다.,"The aircraft shall be pushed back onto taxilane R12 to face east, leaving taxilane RC clear.",,aip+tr,AMDT 7/26,review,
241:5,241,Pushback Approved to Face West on R12,항공기 기수방향이 서쪽을 향하게 하고 Nose Gear 및 동체가 R12 유도선에 위치 및 RC유도선을 개방하도록 푸쉬백한다.,"The aircraft shall be pushed back onto taxilane R12 to face west, leaving taxilane RC clear.",,aip+tr,AMDT 7/26,review,
242:0,242,"Pushback Approved to Point 31, Point 32","항공기 기수방향이 남쪽을 향하도록 후방견인 한 후, RC 유도선을 따라 견인하여 Nose Gear를 Point 31 또는 32에 정대시킨다.",The aircraft shall be pushed back to face south and then towed forward along taxilane RC until its nosewheel is at spot 31 or 32.,,aip+tr,,review,
242:1,242,Pushback Approved to Face North,항공기 기수방향이 북쪽을 향하게 하고 Nose Gear 및 동체가 RC 유도선에 위치하도록 푸쉬백한다.,The aircraft shall be pushed back onto taxilane RC to face north.,,aip,AMDT 7/26,review,
242:2,242,Pushback Approved to Point 33,항공기 기수방향이 서쪽을 향하도록 후방견인하여 Nose Gear를 Point 33에 정대시킨다.,The aircraft shall be pushed back to face west until its nosewheel is at spot 33.,,aip,AMDT 7/26,review,
242:3,242,"Pushback Approved to Stand 816, Stand 817",항공기 기수방향이 서쪽을 향하게 하고 주기장 816 또는 817 까지 후방견인하여 Nose Gear 및 동체가 해당 주기장의 유도선에 위치하도록 한다.,The aircraft shall be pushed back onto the stand 816 or 817 to face west.,,aip+tr,,review,
243:0,243,"Pushback Approved to Point 31, Point 32","항공기 후방견인 한 후, RC 유도선을 따라 견인하여 Nose Gear를 RC 유도선 상의 Point 31 또는 32에 정대시킨다.",The aircraft shall be pushed back and then towed forward along taxilane RC until its nosewheel is at spot 31 or 32.,,aip+tr,,review,
243:1,243,"Pushback Approved to Stand 817, Point 33, Point 34","항공기 기수방향이 서쪽을 향하도록 후방견인하여 Nose Gear를 주기장 817번 유도선, Point 33 또는 34에 정대시킨다.",The aircraft shall be pushed back to face west until its nosewheel is at spot 33 or 34 on the taxilane of stand 817.,,aip+tr,,review,
243:2,243,Pushback Approved to Face North,항공기 기수방향이 북쪽을 향하게 하고 Nose Gear 및 동체가 RC 유도선에 위치하도록 푸쉬백한다.,The aircraft shall be pushed back onto taxilane RC to face north.,,aip,AMDT 7/26,review,
245:0,245,"Pushback Approved to Point 31, Point 32","항공기 후방견인 한 후, RC 유도선을 따라 견인하여 Nose Gear를 RC 유도선 상의 Point 31 또는 32에 정대시킨다.",The aircraft shall be pushed back and then towed forward along taxilane RC until its nosewheel is at spot 31 or 32.,,aip+tr,,review,
245:1,245,"Pushback Approved to Stand 817, Point 33, Point 34","항공기 기수방향이 서쪽을 향하도록 후방견인하여 Nose Gear를 주기장 817번 유도선, Point 33 또는 34에 정대시킨다.",The aircraft shall be pushed back to face west until its nosewheel is at spot 33 or 34 on the taxilane of stand 817.,,aip+tr,,review,
245:2,245,Pushback Approved to Face North,항공기 기수방향이 북쪽을 향하게 하고 Nose Gear 및 동체가 RC 유도선에 위치하도록 푸쉬백한다.,The aircraft shall be pushed back onto taxilane RC to face north.,,aip,AMDT 7/26,review,
246:0,246,"Pushback Approved to Point 31, Point 32","항공기 후방견인 한 후, RC 유도선을 따라 견인하여 Nose Gear를 RC 유도선 상의 Point 31 또는 32에 정대시킨다.",The aircraft shall be pushed back and then towed forward along taxilane RC until its nosewheel is at spot 31 or 32.,,aip+tr,,review,
246:1,246,"Pushback Approved to Point 33, Point 34",항공기 기수방향이 서쪽을 향하도록 후방견인하여 Nose Gear를 Point 33 또는 34에 정대시킨다.,The aircraft shall be pushed back to face west until its nosewheel is at spot 33 or 34.,,aip+tr,,review,
246:2,246,Pushback Approved to Face North,항공기 기수방향이 북쪽을 향하게 하고 Nose Gear 및 동체가 RC 유도선에 위치하도록 푸쉬백한다.,The aircraft shall be pushed back onto taxilane RC to face north.,,aip,AMDT 7/26,review,
247:0,247,Pushback Approved to Face West (on RF),항공기 기수방향이 서쪽을 향하게 하고 Nose Gear 및 동체가 RC(지시받는 경우 RF) 유도선에 위치하도록 푸쉬백한다,The aircraft shall be pushed back onto taxilane RC (or RF when so cleared) to face west.,,aip+tr,,review,
247:1,247,"Pushback Approved to Point 31, Point 32","항공기 후방견인 한 후, RC 유도선을 따라 견인하여 Nose Gear를 RC 유도선 상의 Point 31 또는 32에 정대시킨다.",The aircraft shall be pushed back and then towed forward along taxilane RC until its nosewheel is at spot 31 or 32.,,aip+tr,,review,
247:2,247,"Pushback Approved to Point 33, Point 34",항공기 기수방향이 서쪽을 향하도록 후방견인하여 Nose Gear를 Point 33 또는 34에 정대시킨다.,The aircraft shall be pushed back to face west until its nosewheel is at spot 33 or 34.,,aip+tr,,review,
247:3,247,Pushback Approved to Face North,항공기 기수방향이 북쪽을 향하게 하고 Nose Gear 및 동체가 RC 유도선에 위치하도록 푸쉬백한다.,The aircraft shall be pushed back onto taxilane RC to face north.,,aip+tr,,review,
247:4,247,Pushback Approved to Point 39,항공기 기수방향이 북쪽을 향하게 하고 후방견인하여 Nose Gear를 Point 39에 정대시킨다.,The aircraft shall be pushed back to face north and then towed forward until its nosewheel is at spot 39.,,aip,AMDT 7/26,review,
248:0,248,Pushback Approved to Face West (on RF),항공기 기수방향이 서쪽을 향하게 하고 Nose Gear 및 동체가 RC (지시받는 경우 RF) 유도선에 위치하도록 푸쉬백한다.,The aircraft shall be pushed back onto taxilane RC (or RF when so cleared) to face west.,,aip+tr,,review,
248:1,248,"Pushback Approved to Point 33, Point 34",항공기 기수방향이 서쪽을 향하도록 RC 또는 RF 유도선으로 후방견인 후 Nose Gear를 Point 33 또는 34에 정대시킨다,The aircraft shall be pushed back onto taxilane RC or RF to face west until its nosewheel is at spot 33 or 34.,,aip+tr,,review,
248:2,248,Pushback Approved to Face North,항공기 기수방향이 북쪽을 향하게 하고 Nose Gear 및 동체가 RC 유도선에 위치하도록 푸쉬백한다.,The aircraft shall be pushed back onto taxilane RC to face north.,,aip+tr,,review,
248:3,248,Pushback Approved to Point 39,항공기 기수방향이 북쪽을 향하게 하고 후방견인하여 Nose Gear를 Point 39에 정대시킨다.,The aircraft shall be pushed back to face north and then towed forward until its nosewheel is at spot 39.,,aip,AMDT 7/26,review,
249:0,249,Pushback Approved to Face West (on RF),항공기 기수방향이 서쪽을 향하게 하고 Nose Gear 및 동체가 RC (지시받는 경우 RF) 유도선에 위치하도록 푸쉬백한다.,The aircraft shall be pushed back onto taxilane RC (or RF when so cleared) to face west.,,aip+tr,,review,
249:1,249,"Pushback Approved to Point 33, Point 34",항공기 기수방향이 서쪽을 향하도록 RC 또는 RF 유도선으로 후방견인 후 Nose Gear를 Point 33 또는 34에 정대시킨다,The aircraft shall be pushed back onto taxilane RC or RF to face west until its nosewheel is at spot 33 or 34.,,aip+tr,,review,
249:2,249,Pushback Approved to Face North,항공기 기수방향이 북쪽을 향하게 하고 Nose Gear 및 동체가 RC 유도선에 위치하도록 푸쉬백한다.,The aircraft shall be pushed back onto taxilane RC to face north.,,aip+tr,,review,
249:3,249,Pushback Approved to Point 39,항공기 기수방향이 북쪽을 향하게 하고 후방견인하여 Nose Gear를 Point 39에 정대시킨다.,The aircraft shall be pushed back to face north and then towed forward until its nosewheel is at spot 39.,,aip,AMDT 7/26,review,
250:0,250,Pushback Approved to Face East (on RF),항공기 기수방향이 동쪽을 향하게 하고 Nose Gear 및 동체가 RC/RA (지시 받는 경우 RF) 유도선에 위치하도록 푸쉬백한다.,The aircraft shall be pushed back onto taxilane RC (or RF when so cleared) to face east.,,aip+tr,,review,
250:1,250,Pushback Approved to Face West (on RF),항공기 기수방향이 서쪽을 향하게 하고 Nose Gear 및 동체가 RC/RA (지시 받는 경우 RF) 유도선에 위치하도록 푸쉬백한다.,The aircraft shall be pushed back onto taxilane RA (or RF when so cleared) to face west.,,aip+tr,,review,
250:2,250,Pushback Approved to Point 34,"항공기 기수방향이 서쪽을 향하도록 후방견인 한 후, 항공기를 전방으로 견인하여 Nose Gear를 Point 34에 정대시킨다.",The aircraft shall be pushed back to face west and then towed forward until its nosewheel is at spot 34.,,aip,AMDT 7/26,review,
250:3,250,Pushback Approved to Point 35,"항공기 기수방향이 동쪽을 향하도록 후방견인 한 후, 항공기를 전방으로 견인하여 Nose Gear를 Point 35에 정대시킨다.",The aircraft shall be pushed back to face east and then towed forward until its nosewheel is at spot 35.,,aip,AMDT 7/26,review,
250:4,250,Pushback Approved to Point 39,항공기 기수방향이 북쪽을 향하게 하고 Nose Gear를 Point 39에 정대시킨다.,The aircraft shall be pushed back to face north and then towed forward until its nosewheel is at spot 39.,,aip,AMDT 7/26,review,
251:0,251,Pushback Approved to Face East (on RF),항공기 기수방향이 동쪽을 향하게 하고 Nose Gear 및 동체가 RA(지시받는 경우 RF) 유도선에 위치하도록 푸쉬백한다.,The aircraft shall be pushed back onto taxilane RA (or RF when so cleared) to face east.,,aip+tr,,review,
251:1,251,Pushback Approved to Point 35,"항공기 기수방향이 동쪽을 향하도록 후방견인 한 후, RA 유도선을 따라 Nose Gear를 Point 35에 정대시킨다.",The aircraft shall be pushed back to face east and then towed forward along taxilane RA until its nosewheel is at spot 35.,,aip+tr,,review,
251:2,251,Pushback Approved to Point 36,"RA를 직후방으로 통과하여 항공기 기수방향이 동쪽을 향하도록 RF 유도선으로 후방견인 한 후, RF 유도선을 따라 견인하여 Nose Gear를 Point 36에 정대시킨다.","The aircraft shall be pushed back straight through taxilane RA onto taxilane RF to face east, and then towed forward along taxilane RF until its nosewheel is at spot 36.",,aip+tr,,review,
251:3,251,Pushback Approved to Face North,항공기 기수방향이 북쪽을 향하게 하고 Nose Gear 및 동체가 RA 유도선에 위치하도록 푸쉬백한다.,The aircraft shall be pushed back onto taxilane RA to face north.,,aip+tr,,review,
251:4,251,Pushback Approved to Point 39,항공기 기수방향이 북쪽을 향하게 하고 후방견인하여 Nose Gear를 Point 39에 정대시킨다.,The aircraft shall be pushed back to face north and then towed forward until its nosewheel is at spot 39.,,aip,AMDT 7/26,review,
252:0,252,Pushback Approved to Face East (on RF),항공기 기수방향이 동쪽을 향하게 하고 Nose Gear 및 동체가 RA(지시받는 경우 RF) 유도선에 위치하도록 푸쉬백한다.,The aircraft shall be pushed back onto taxilane RA (or RF when so cleared) to face east.,,aip+tr,,review,
252:1,252,Pushback Approved to Point 35,"항공기 기수방향이 동쪽을 향하도록 후방견인 한 후, RA 유도선을 따라 Nose Gear를 Point 35에 정대시킨다.",The aircraft shall be pushed back to face east and then towed forward along taxilane RA until its nosewheel is at spot 35.,,aip+tr,,review,
252:2,252,Pushback Approved to Point 36,"RA를 직후방으로 통과하여 항공기 기수방향이 동쪽을 향하도록 RF 유도선으로 후방견인 한 후, RF 유도선을 따라 견인하여 Nose Gear를 Point 36에 정대시킨다.","The aircraft shall be pushed back straight through taxilane RA onto taxilane RF to face east, and then towed forward along taxilane RF until its nosewheel is at spot 36.",,aip+tr,,review,
252:3,252,Pushback Approved to Face North,항공기 기수방향이 북쪽을 향하게 하고 Nose Gear 및 동체가 RA 유도선에 위치하도록 푸쉬백한다.,The aircraft shall be pushed back onto taxilane RA to face north.,,aip+tr,,review,
252:4,252,Pushback Approved to Point 39,항공기 기수방향이 북쪽을 향하게 하고 후방견인하여 Nose Gear를 Point 39에 정대시킨다.,The aircraft shall be pushed back to face north and then towed forward until its nosewheel is at spot 39.,,aip,AMDT 7/26,review,
253:0,253,Pushback Approved to Face East (on RF),항공기 기수방향이 동쪽을 향하게 하고 Nose Gear 및 동체가 RA(지시받는 경우 RF) 유도선에 위치하도록 푸쉬백한다.,The aircraft shall be pushed back onto taxilane RA (or RF when so cleared) to face east.,,aip+tr,,review,
253:1,253,"Pushback Approved to Point 35, Point 36",항공기 기수방향이 동쪽을 향하도록 후방견인하여 Nose Gear를 Point 35 또는 36에 정대시킨다.,The aircraft shall be pushed back to face east until its nosewheel is at spot 35 or 36.,,aip+tr,,review,
253:2,253,"Pushback Approved to Point 37, Point 38","항공기를 후방견인 한 후, RA 유도선을 따라 견인하여 Nose Gear를 RA 유도선 상의 Point 37 또는 38에 정대시킨다.",The aircraft shall be pushed back and then towed forward along taxilane RA until its nosewheel is at spot 37 or 38.,,aip+tr,,review,
253:3,253,Pushback Approved to Face North,항공기 기수방향이 북쪽을 향하게 하고 Nose Gear 및 동체가 RA 유도선에 위치하도록 푸쉬백한다.,The aircraft shall be pushed back onto taxilane RA to face north.,,aip+tr,,review,
253:4,253,Pushback Approved to Point 39,항공기 기수방향이 북쪽을 향하게 하고 후방견인하여 Nose Gear를 Point 39에 정대시킨다.,The aircraft shall be pushed back to face north and then towed forward until its nosewheel is at spot 39.,,aip,AMDT 7/26,review,
254:0,254,"Pushback Approved to Point 35, Point 36",항공기 기수방향이 동쪽을 향하도록 후방견인하여 Nose Gear를 Point 35 또는 36에 정대시킨다.,The aircraft shall be pushed back to face east until its nosewheel is at spot 35 or 36.,,aip+tr,,review,
254:1,254,"Pushback Approved to Point 37, Point 38","항공기를 후방견인 한 후, RA 유도선을 따라 견인하여 Nose Gear를 RA 유도선 상의 Point 37 또는 38에 정대시킨다.",The aircraft shall be pushed back and then towed forward along taxilane RA until its nosewheel is at spot 37 or 38.,,aip+tr,,review,
254:2,254,Pushback Approved to Face North,항공기 기수방향이 북쪽을 향하게 하고 Nose Gear 및 동체가 RA 유도선에 위치하도록 푸쉬백한다.,The aircraft shall be pushed back onto taxilane RA to face north.,,aip,AMDT 7/26,review,
255:0,255,"Pushback Approved to Point 35, Point 36",항공기 기수방향이 동쪽을 향하도록 후방견인하여 Nose Gear를 Point 35 또는 36에 정대시킨다.,The aircraft shall be pushed back to face east until its nosewheel is at spot 35 or 36.,,aip+tr,,review,
255:1,255,"Pushback Approved to Point 37, Point 38","항공기를 후방견인 한 후, RA 유도선을 따라 견인하여 Nose Gear를 RA 유도선 상의 Point 37 또는 38에 정대시킨다.",The aircraft shall be pushed back and then towed forward along taxilane RA until its nosewheel is at spot 37 or 38.,,aip+tr,,review,
255:2,255,Pushback Approved to Face North,항공기 기수방향이 북쪽을 향하게 하고 Nose Gear 및 동체가 RA 유도선에 위치하도록 푸쉬백한다.,The aircraft shall be pushed back onto taxilane RA to face north.,,aip,AMDT 7/26,review,
255:3,255,Pushback Approved to Stand 815,항공기 기수방향이 동쪽을 향하게 하고 주기장 815 까지 후방견인하여 Nose Gear 및 동체가 해당 주기장의 유도선에 위치하도록 한다.,The aircraft shall be pushed back onto the stand 815 to face east.,,aip,AMDT 7/26,review,
256:0,256,Pushback Approved to Point 36,항공기 기수방향이 동쪽을 향하도록 후방견인하여 Nose Gear를 Point 36에 정대시킨다.,The aircraft shall be pushed back to face east until its nosewheel is at spot 36.,,aip,AMDT 7/26,review,
256:1,256,"Pushback Approved to Point 37, Point 38","항공기 기수방향이 남쪽을 향하도록 후방견인 한 후, RA 유도선을 따라 견인하여 Nose Gear를 Point 37 또는 38에 정대시킨다.",The aircraft shall be pushed back to face south and then towed forward along taxilane RA until its nosewheel is at spot 37 or 38.,,aip+tr,,review,
256:2,256,"Pushback Approved to Stand 814, Stand 815",항공기 기수방향이 동쪽을 향하게 하고 주기장 814 또는 815 까지 후방견인하여 Nose Gear 및 동체가 해당 주기장의 유도선에 위치하도록 한다.,The aircraft shall be pushed back onto the stand 814 or 815 to face east.,,aip+tr,,review,
256:3,256,Pushback Approved to Face North,항공기 기수방향이 북쪽을 향하게 하고 Nose Gear 및 동체가 RA 유도선에 위치하도록 푸쉬백한다.,The aircraft shall be pushed back onto taxilane RA to face north.,,aip,AMDT 7/26,review,
257:0,257,Pushback Approved to Face South,항공기 기수방향이 남쪽을 향하게 하고 후방견인하여 Nose Gear를 RA 유도선 상에 정대시킨다.,The aircraft shall be pushed back to face south until its body is on taxilane RA.,,aip,AMDT 7/26,review,
257:1,257,Pushback Approved to Point 37,항공기 기수방향이 남쪽을 향하게 하고 후방견인하여 Nose Gear를 RA 유도선 상의 Point 37에 정대시킨다.,The aircraft shall be pushed back to face south until its nosewheel is at spot 37.,,aip,AMDT 7/26,review,
257:2,257,Pushback Approved to Point 38,"항공기 기수방향이 남쪽을 향하도록 후방견인 한 후, RA 유도선을 따라 견인하여 Nose Gear를 Point 38에 정대시킨다. * 후방견인 시 R12로 이동하는 항공기와 간섭이 없도록 푸쉬백",The aircraft shall be pushed back to face south and then towed forward until its nosewheel is at spot 38. * The aircraft is pushed back so as not to interfere with aircraft moving onto taxilane R12.,,aip+tr,AMDT 7/26,review,
257:3,257,"Pushback Approved to Stand 814, Stand 815",항공기 기수방향이 동쪽을 향하게 하고 주기장 814 또는 815 까지 후방견인하여 Nose Gear 및 동체가 해당 주기장의 유도선에 위치하도록 한다.,The aircraft shall be pushed back onto the stand 814 or 815 to face east.,,aip+tr,,review,
257:4,257,Pushback Approved to Face East on R12,항공기 기수방향이 동쪽을 향하게 하고 Nose Gear 및 동체가 R12 유도선에 위치 및 RA유도선을 개방하도록 푸쉬백한다.,"The aircraft shall be pushed back onto taxilane R12 to face east, leaving taxilane RA clear.",,aip+tr,AMDT 7/26,review,
257:5,257,Pushback Approved to Face West on R12,항공기 기수방향이 서쪽을 향하게 하고 Nose Gear 및 동체가 R12 유도선에 위치 및 RA유도선을 개방하도록 푸쉬백한다.,"The aircraft shall be pushed back onto taxilane R12 to face west, leaving taxilane RA clear.",,aip+tr,AMDT 7/26,review,
258:0,258,Pushback Approved to Blue,항공기 기수방향이 북쪽을 향하게 하여 Blue Line을 따라 후방견인하여 Nose Gear가 R12 유도선에 위치하도록 한다.,The aircraft shall be pushed back to face north along blue line until its nosewheel is at R12.,,aip,AMDT 7/26,review,
258:1,258,"Pushback Approved to Point 38, Point 37",항공기 기수방향이 남쪽을 향하도록 후방견인하여 Nose Gear를 Point 38(37)에 정대시킨다.,The aircraft shall be pushed back to face south until its nosewheel is at spot 38 or 37.,,aip+tr,,review,
258:2,258,Pushback Approved to Face West,"항공기 기수방향이 서쪽을 향하게 후방견인하여, Nose Gear 및 동체가 R12 유도선에 위치하도록 푸쉬백한다.",The aircraft shall be pushed back onto taxilane R12 to face west.,,aip,AMDT 7/26,review,
258R:0,258R,Pushback Approved to Face East,항공기 기수방향이 동쪽을 향하게 하고 Nose Gear 및 동체가 R12 유도선에 위치하도록 푸쉬백한다. * Face East 후방견인 시 RA 유도선을 개방하도록 푸쉬백,The aircraft shall be pushed back onto taxilane R12 to face east. * Keep taxilane RA clear.,,aip+tr,AMDT 7/26,review,
258R:1,258R,Pushback Approved to Face West,항공기 기수방향이 서쪽을 향하게 하고 Nose Gear 및 동체가 R12 유도선에 위치하도록 푸쉬백한다. * Face East 후방견인 시 RA 유도선을 개방하도록 푸쉬백,The aircraft shall be pushed back onto taxilane R12 to face west. * A pushback to face east leaves taxilane RA clear.,,aip+tr,AMDT 7/26,review,
258R:2,258R,"Pushback Approved to Point 38, Point 37",항공기 기수방향이 남쪽을 향하도록 후방견인하여 Nose Gear를 Point 38 또는 37에 정대시킨다.,The aircraft shall be pushed back to face south until its nosewheel is at spot 38 or 37.,,aip+tr,,review,
259:0,259,Pushback Approved to Blue,항공기 기수방향이 북쪽을 향하게 하여 Blue Line을 따라 후방견인하여 Nose Gear가 R12 유도선에 위치하도록 한다.,The aircraft shall be pushed back to face north along blue line until its nosewheel is at R12.,,aip,AMDT 7/26,review,
259:1,259,Pushback Approved to Face East,항공기 기수방향이 동쪽을 향하게 후방견인하여 Nose Gear 및 동체가 R12 유도선에 위치하도록 한다.,The aircraft shall be pushed back onto taxilane R12 to face east.,,aip,AMDT 7/26,review,
259:2,259,Pushback Approved to Face West,항공기 기수방향이 서쪽을 향하게 후방견인하여 Nose Gear 및 동체가 R12 유도선에 위치하도록 한다.,The aircraft shall be pushed back onto taxilane R12 to face west.,,aip,AMDT 7/26,review,
259:3,259,"Pushback Approved to Point 38, Point 37",항공기 기수방향이 남쪽을 향하도록 후방견인하여 Nose Gear를 Point 38 또는 37에 정대시킨다.,The aircraft shall be pushed back to face south until its nosewheel is at spot 38 or 37.,,aip+tr,,review,
259:4,259,Pushback Approved to Face South on R1,"항공기 기수방향이 남쪽을 향하게 후방견인하여, Nose Gear 및 동체가 R1 유도선에 위치하도록 한다.",The aircraft shall be pushed back onto taxilane R1 to face south.,,aip+tr,,review,
260:0,260,Pushback Approved to Blue,항공기 기수방향이 북쪽을 향하게 하여 Blue Line을 따라 후방견인하여 Nose Gear가 R12 유도선에 위치하도록 한다.,The aircraft shall be pushed back to face north along blue line until its nosewheel is at R12.,,aip,AMDT 7/26,review,
260:1,260,Pushback Approved to Face East,항공기 기수방향이 동쪽을 향하게 후방견인하여 Nose Gear 및 동체가 R12 유도선에 위치하도록 한다.,The aircraft shall be pushed back onto taxilane R12 to face east.,,aip,AMDT 7/26,review,
260:2,260,Pushback Approved to Face West,항공기 기수방향이 서쪽을 향하게 후방견인하여 Nose Gear 및 동체가 R12 유도선에 위치하도록 한다.,The aircraft shall be pushed back onto taxilane R12 to face west.,,aip,AMDT 7/26,review,
260:3,260,"Pushback Approved to Point 38, Point 37",항공기 기수방향이 남쪽을 향하도록 후방견인하여 Nose Gear를 Point 38 또는 37에 정대시킨다.,The aircraft shall be pushed back to face south until its nosewheel is at spot 38 or 37.,,aip+tr,,review,
260:4,260,Pushback Approved to Face South on R1,"항공기 기수방향이 남쪽을 향하게 후방견인하여, Nose Gear 및 동체가 R1 유도선에 위치하도록 한다.",The aircraft shall be pushed back onto taxilane R1 to face south.,,aip+tr,,review,
261:0,261,Pushback Approved to Blue,항공기 기수방향이 북쪽을 향하게 하여 Blue Line을 따라 후방견인하여 Nose Gear가 R12 유도선에 위치하도록 한다.,The aircraft shall be pushed back to face north along blue line until its nosewheel is at R12.,,aip,AMDT 7/26,review,
261:1,261,Pushback Approved to Face East,"항공기 기수방향이 동쪽을 향하게 후방견인하여, Nose Gear 및 동체가 R12 유도선에 위치하도록 푸쉬백한다.",The aircraft shall be pushed back onto taxilane R12 to face east.,,aip,AMDT 7/26,review,
261:2,261,Pushback Approved to Face South,항공기 기수방향이 남쪽을 향하게 하고 Nose Gear 및 동체가 R1 유도선에 위치 및 R12 유도로를 개방하도록 푸쉬백한다.,"The aircraft shall be pushed back onto taxilane R1 to face south, leaving taxilane R12 clear.",,aip+tr,AMDT 7/26,review,
261R:0,261R,Pushback Approved to Face South,항공기 기수방향이 남쪽을 향하게 하고 Nose Gear 및 동체가 R1 유도선에 위치 및 R12 유도로를 개방하도록 푸쉬백한다.,"The aircraft shall be pushed back onto taxilane R1 to face south, leaving taxilane R12 clear.",,aip+tr,AMDT 7/26,review,
261R:1,261R,Pushback Approved to Face East,항공기 기수방향이 동쪽을 향하게 하고 Nose Gear 및 동체가 R12 유도선에 위치 및 R1 유도로를 개방하도록 푸쉬백한다.,"The aircraft shall be pushed back onto taxilane R12 to face east, leaving taxilane R1 clear.",,aip+tr,AMDT 7/26,review,
262:0,262,Pushback Approved to Face South,항공기 기수방향이 남쪽을 향하게 하고 Nose Gear 및 동체가 R1 유도선에 위치하도록 푸쉬백한다.,The aircraft shall be pushed back onto taxilane R1 to face south.,,aip+tr,,review,
262:1,262,Pushback Approved to Face North,항공기 기수방향이 북쪽을 향하게 하고 Nose Gear 및 동체가 R1 유도선에 위치하도록 푸쉬백한다.,The aircraft shall be pushed back onto taxilane R1 to face north.,,aip,AMDT 7/26,review,
263:0,263,Pushback Approved to Face South,항공기 기수방향이 남쪽을 향하게 하고 Nose Gear 및 동체가 R1 유도선에 위치하도록 푸쉬백한다.,The aircraft shall be pushed back onto taxilane R1 to face south.,,aip+tr,,review,
263:1,263,Pushback Approved to Face North,항공기 기수방향이 북쪽을 향하게 하고 Nose Gear 및 동체가 R1 유도선에 위치하도록 푸쉬백한다.,The aircraft shall be pushed back onto taxilane R1 to face north.,,aip,AMDT 7/26,review,
264:0,264,Pushback Approved to Face South,"항공기 기수방향이 남쪽을 향하게 하고 Nose Gear 및 동체가 R1 유도선에 위치하도록 푸쉬백한다. * 264, 265 주기장 후방견인시 R1 횡단GSE도로를 개방하여 푸쉬백","The aircraft shall be pushed back onto taxilane R1 to face south. * At stands 264 and 265, the aircraft is pushed back so that the GSE road crossing taxilane R1 remains clear.",,aip+tr,,review,
264:1,264,Pushback Approved to Face North,"항공기 기수방향이 북쪽을 향하게 하고 Nose Gear 및 동체가 R1 유도선에 위치하도록 푸쉬백한다. * 264, 265 주기장 후방견인시 R1 횡단GSE도로를 개방하여 푸쉬백","The aircraft shall be pushed back onto taxilane R1 to face north. * At stands 264 and 265, the aircraft is pushed back so that the GSE road crossing taxilane R1 remains clear.",,aip+tr,AMDT 7/26,review,
265:0,265,Pushback Approved to Face South,"항공기 기수방향이 남쪽을 향하게 하고 Nose Gear 및 동체가 R1 유도선에 위치하도록 푸쉬백한다. * 264, 265 주기장 후방견인시 R1 횡단GSE도로를 개방하여 푸쉬백","The aircraft shall be pushed back onto taxilane R1 to face south. * At stands 264 and 265, the aircraft is pushed back so that the GSE road crossing taxilane R1 remains clear.",,aip+tr,,review,
265:1,265,Pushback Approved to Face North,"항공기 기수방향이 북쪽을 향하게 하고 Nose Gear 및 동체가 R1 유도선에 위치하도록 푸쉬백한다. * 264, 265 주기장 후방견인시 R1 횡단GSE도로를 개방하여 푸쉬백","The aircraft shall be pushed back onto taxilane R1 to face north. * At stands 264 and 265, the aircraft is pushed back so that the GSE road crossing taxilane R1 remains clear.",,aip+tr,AMDT 7/26,review,
266:0,266,Pushback Approved to Face South,항공기 기수방향이 남쪽을 향하게 하고 Nose Gear 및 동체가 R1 유도선에 위치하도록 푸쉬백한다.,The aircraft shall be pushed back onto taxilane R1 to face south.,,aip+tr,,review,
266:1,266,Pushback Approved to Face North,항공기 기수방향이 북쪽을 향하게 하고 Nose Gear 및 동체가 R1 유도선에 위치하도록 푸쉬백한다.,The aircraft shall be pushed back onto taxilane R1 to face north.,,aip,AMDT 7/26,review,
266L:0,266L,Pushback Approved to Face South,항공기 기수방향이 남쪽을 향하게 하고 Nose Gear 및 동체가 R1 유도선에 위치하도록 푸쉬백한다.,The aircraft shall be pushed back onto taxilane R1 to face south.,,aip,AMDT 7/26,review,
266L:1,266L,Pushback Approved to Face North,항공기 기수방향이 북쪽을 향하게 하고 Nose Gear 및 동체가 R1 유도선에 위치하도록 푸쉬백한다.,The aircraft shall be pushed back onto taxilane R1 to face north.,,aip,AMDT 7/26,review,
266R:0,266R,Pushback Approved to Face South,항공기 기수방향이 남쪽을 향하게 하고 Nose Gear 및 동체가 R1 유도선에 위치하도록 푸쉬백한다.,The aircraft shall be pushed back onto taxilane R1 to face south.,,aip,AMDT 7/26,review,
266R:1,266R,Pushback Approved to Face North,항공기 기수방향이 북쪽을 향하게 하고 Nose Gear 및 동체가 R1 유도선에 위치하도록 푸쉬백한다.,The aircraft shall be pushed back onto taxilane R1 to face north.,,aip,AMDT 7/26,review,
267:0,267,Pushback Approved to Face South,항공기 기수방향이 남쪽을 향하게 하고 Nose Gear 및 동체가 R1 유도선에 위치하도록 푸쉬백한다.,The aircraft shall be pushed back onto taxilane R1 to face south.,,aip+tr,,review,
267:1,267,Pushback Approved to Face North,항공기 기수방향이 북쪽을 향하게 하고 Nose Gear 및 동체가 R1 유도선에 위치하도록 푸쉬백한다.,The aircraft shall be pushed back onto taxilane R1 to face north.,,aip,AMDT 7/26,review,
267L:0,267L,Pushback Approved to Face South,항공기 기수방향이 남쪽을 향하게 하고 Nose Gear 및 동체가 R1 유도선에 위치하도록 푸쉬백한다.,The aircraft shall be pushed back onto taxilane R1 to face south.,,aip,AMDT 7/26,review,
267L:1,267L,Pushback Approved to Face North,항공기 기수방향이 북쪽을 향하게 하고 Nose Gear 및 동체가 R1 유도선에 위치하도록 푸쉬백한다.,The aircraft shall be pushed back onto taxilane R1 to face north.,,aip,AMDT 7/26,review,
267R:0,267R,Pushback Approved to Face South,항공기 기수방향이 남쪽을 향하게 하고 Nose Gear 및 동체가 R1 유도선에 위치하도록 푸쉬백한다.,The aircraft shall be pushed back onto taxilane R1 to face south.,,aip,AMDT 7/26,review,
267R:1,267R,Pushback Approved to Face North,항공기 기수방향이 북쪽을 향하게 하고 Nose Gear 및 동체가 R1 유도선에 위치하도록 푸쉬백한다.,The aircraft shall be pushed back onto taxilane R1 to face north.,,aip,AMDT 7/26,review,
268:0,268,Pushback Approved to Face South,항공기 기수방향이 남쪽을 향하게 하고 Nose Gear 및 동체가 R1 유도선에 위치하도록 푸쉬백한다.,The aircraft shall be pushed back onto taxilane R1 to face south.,,aip+tr,,review,
268:1,268,Pushback Approved to Face North,항공기 기수방향이 북쪽을 향하게 하고 Nose Gear 및 동체가 R1 유도선에 위치하도록 푸쉬백한다.,The aircraft shall be pushed back onto taxilane R1 to face north.,,aip,AMDT 7/26,review,
268L:0,268L,Pushback Approved to Face South,항공기 기수방향이 남쪽을 향하게 하고 Nose Gear 및 동체가 R1 유도선에 위치하도록 푸쉬백한다.,The aircraft shall be pushed back onto taxilane R1 to face south.,,aip,AMDT 7/26,review,
268L:1,268L,Pushback Approved to Face North,항공기 기수방향이 북쪽을 향하게 하고 Nose Gear 및 동체가 R1 유도선에 위치하도록 푸쉬백한다.,The aircraft shall be pushed back onto taxilane R1 to face north.,,aip,AMDT 7/26,review,
268R:0,268R,Pushback Approved to Face South,항공기 기수방향이 남쪽을 향하게 하고 Nose Gear 및 동체가 R1 유도선에 위치하도록 푸쉬백한다.,The aircraft shall be pushed back onto taxilane R1 to face south.,,aip,AMDT 7/26,review,
268R:1,268R,Pushback Approved to Face North,항공기 기수방향이 북쪽을 향하게 하고 Nose Gear 및 동체가 R1 유도선에 위치하도록 푸쉬백한다.,The aircraft shall be pushed back onto taxilane R1 to face north.,,aip,AMDT 7/26,review,
275:0,275,Pushback Approved to Face South,항공기 기수방향이 남쪽을 향하게 하고 Nose Gear 및 동체가 R1 유도선에 위치하도록 푸쉬백한다.,The aircraft shall be pushed back onto taxilane R1 to face south.,,aip+tr,,review,
275:1,275,Pushback Approved to Face North,항공기 기수방향이 북쪽을 향하게 하고 Nose Gear 및 동체가 R1 유도선에 위치하도록 푸쉬백한다.,The aircraft shall be pushed back onto taxilane R1 to face north.,,aip,AMDT 7/26,review,
275:2,275,Pushback Approved to Point 58,항공기 기수방향이 북쪽을 향하게 하고 R1유도선을 따라 견인하여 Nose Gear를 Point 58에 정대시킨다.,The aircraft shall be pushed back to face north and then towed forward until its nosewheel is at spot 58.,,aip,AMDT 7/26,review,
275L:0,275L,Pushback Approved to Face South,항공기 기수방향이 남쪽을 향하게 하고 Nose Gear 및 동체가 R1 유도선에 위치하도록 푸쉬백한다.,The aircraft shall be pushed back onto taxilane R1 to face south.,,aip,AMDT 7/26,review,
275L:1,275L,Pushback Approved to Face North,항공기 기수방향이 북쪽을 향하게 하고 Nose Gear 및 동체가 R1 유도선에 위치하도록 푸쉬백한다.,The aircraft shall be pushed back onto taxilane R1 to face north.,,aip,AMDT 7/26,review,
275L:2,275L,Pushback Approved to Point 58,항공기 기수방향이 북쪽을 향하게 하고 R1유도선을 따라 견인하여 Nose Gear를 Point 58에 정대시킨다.,The aircraft shall be pushed back to face north and then towed forward until its nosewheel is at spot 58.,,aip,AMDT 7/26,review,
275R:0,275R,Pushback Approved to Face South,항공기 기수방향이 남쪽을 향하게 하고 Nose Gear 및 동체가 R1 유도선에 위치하도록 푸쉬백한다.,The aircraft shall be pushed back onto taxilane R1 to face south.,,aip,AMDT 7/26,review,
275R:1,275R,Pushback Approved to Face North,항공기 기수방향이 복쪽을 향하게 하고 Nose Gear 및 동체가 R1 유도선에 위치하도록 푸쉬백한다.,The aircraft shall be pushed back onto taxilane R1 to face north.,,aip,AMDT 7/26,review,
276:0,276,Pushback Approved to Face South,항공기 기수방향이 남쪽을 향하게 하고 Nose Gear 및 동체가 R1 유도선에 위치하도록 푸쉬백한다.,The aircraft shall be pushed back onto taxilane R1 to face south.,,aip+tr,,review,
276:1,276,Pushback Approved to Face North,항공기 기수방향이 복쪽을 향하게 하고 Nose Gear 및 동체가 R1 유도선에 위치하도록 푸쉬백한다.,The aircraft shall be pushed back onto taxilane R1 to face north.,,aip,AMDT 7/26,review,
277:0,277,Pushback Approved to Face South,항공기 기수방향이 남쪽을 향하게 하고 Nose Gear 및 동체가 R1 유도선에 위치하도록 푸쉬백한다.,The aircraft shall be pushed back onto taxilane R1 to face south.,,aip+tr,,review,
277:1,277,Pushback Approved to Face North,항공기 기수방향이 복쪽을 향하게 하고 Nose Gear 및 동체가 R1 유도선에 위치하도록 푸쉬백한다.,The aircraft shall be pushed back onto taxilane R1 to face north.,,aip,AMDT 7/26,review,
278:0,278,Pushback Approved to Face South,항공기 기수방향이 남쪽을 향하게 하고 Nose Gear 및 동체가 R1 유도선에 위치하도록 푸쉬백한다.,The aircraft shall be pushed back onto taxilane R1 to face south.,,aip+tr,,review,
278:1,278,Pushback Approved to Face North,항공기 기수방향이 복쪽을 향하게 하고 Nose Gear 및 동체가 R1 유도선에 위치하도록 푸쉬백한다.,The aircraft shall be pushed back onto taxilane R1 to face north.,,aip,AMDT 7/26,review,
279:0,279,Pushback Approved to Face South,항공기 기수방향이 남쪽을 향하게 하고 Nose Gear 및 동체가 R1 유도선에 위치하도록 푸쉬백한다.,The aircraft shall be pushed back onto taxilane R1 to face south.,,aip+tr,,review,
279:1,279,Pushback Approved to Face North,항공기 기수방향이 복쪽을 향하게 하고 Nose Gear 및 동체가 R1 유도선에 위치하도록 푸쉬백한다.,The aircraft shall be pushed back onto taxilane R1 to face north.,,aip,AMDT 7/26,review,
280:0,280,Pushback Approved to Face South,항공기 기수방향이 남쪽을 향하게 하고 Nose Gear 및 동체가 R1 유도선에 위치하도록 푸쉬백한다.,The aircraft shall be pushed back onto taxilane R1 to face south.,,aip,AMDT 7/26,review,
280:1,280,Pushback Approved to Face North,항공기 기수방향이 북쪽을 향하게 하고 Nose Gear 및 동체가 R1 유도선에 위치하도록 푸쉬백한다.,The aircraft shall be pushed back onto taxilane R1 to face north.,,aip,AMDT 7/26,review,
280:2,280,Pushback Approved to Point 57,항공기 기수방향이 남쪽을 향하게 하고 R1유도선을 따라 견인하여 Nose Gear를 Point 57에 정대시킨다.,The aircraft shall be pushed back to face south until its nosewheel is at spot 57.,,aip,AMDT 7/26,review,
281:0,281,Pushback Approved to Face South,항공기 기수방향이 남쪽을 향하게 하고 Nose Gear 및 동체가 R1 유도선에 위치하도록 푸쉬백한다.,The aircraft shall be pushed back onto taxilane R1 to face south.,,aip,AMDT 7/26,review,
281:1,281,Pushback Approved to Face North,항공기 기수방향이 북쪽을 향하게 하고 Nose Gear 및 동체가 R1 유도선에 위치하도록 푸쉬백한다.,The aircraft shall be pushed back onto taxilane R1 to face north.,,aip,AMDT 7/26,review,
281:2,281,Pushback Approved to Point 57,항공기 기수방향이 남쪽을 향하게 하고 R1유도선을 따라 견인하여 Nose Gear를 Point 57에 정대시킨다.,The aircraft shall be pushed back to face south until its nosewheel is at spot 57.,,aip,AMDT 7/26,review,
282:0,282,Pushback Approved to Face South,항공기 기수방향이 남쪽을 향하게 하고 Nose Gear 및 동체가 R1 유도선에 위치하도록 푸쉬백한다.,The aircraft shall be pushed back onto taxilane R1 to face south.,,aip,AMDT 7/26,review,
282:1,282,Pushback Approved to Point 57,항공기 기수방향이 남쪽을 향하게 하고 R1유도선을 따라 견인하여 Nose Gear를 Point 57에 정대시킨다.,The aircraft shall be pushed back to face south and then towed forward until its nosewheel is at spot 57.,,aip,AMDT 7/26,review,
282:2,282,Pushback Approved to Face North,항공기 기수방향이 북쪽을 향하게 하고 Nose Gear 및 동체가 R1 유도선에 위치하도록 푸쉬백한다.,The aircraft shall be pushed back onto taxilane R1 to face north.,,aip,AMDT 7/26,review,
282:3,282,Pushback Approved to Point 56,항공기 기수방향이 북쪽을 향하게 하고 R1유도선을 따라 견인하여 Nose Gear를 Point 56에 정대시킨다.,The aircraft shall be pushed back to face north and then towed forward until its nosewheel is at spot 56.,,aip,AMDT 7/26,review,
283:0,283,Pushback Approved to Point 57,항공기 기수방향이 남쪽을 향하게 하고 R1유도선을 따라 견인하여 Nose Gear를 Point 57에 정대시킨다.,The aircraft shall be pushed back to face south and then towed forward until its nosewheel is at spot 57.,,aip,AMDT 7/26,review,
283:1,283,Pushback Approved to Point 56,항공기 기수방향이 북쪽을 향하게 하고 R1유도선을 따라 견인하여 Nose Gear를 Point 56에 정대시킨다.,The aircraft shall be pushed back to face north and then towed forward until its nosewheel is at spot 56.,,aip,AMDT 7/26,review,
283:2,283,Pushback Approved to Face North,항공기 기수방향이 북쪽을 향하게 하고 Nose Gear 및 동체가 R1 유도선에 위치하도록 푸쉬백한다.,The aircraft shall be pushed back onto taxilane R1 to face north.,,aip,AMDT 7/26,review,
283:3,283,Pushback Approved to Face East,항공기 기수방향이 동쪽을 향하게 하고 Nose Gear 및 동체가 RE 유도선에 위치하도록 푸쉬백한다.,The aircraft shall be pushed back onto taxilane RE to face east.,,aip,AMDT 7/26,review,
283R:0,283R,Pushback Approved to Point 57,항공기 기수방향이 남쪽을 향하게 하고 R1유도선을 따라 견인하여 Nose Gear를 Point 57에 정대시킨다.,The aircraft shall be pushed back to face south and then towed forward until its nosewheel is at spot 57.,,aip,AMDT 7/26,review,
283R:1,283R,Pushback Approved to Point 56,항공기 기수방향이 북쪽을 향하게 하고 R1유도선을 따라 견인하여 Nose Gear를 Point 56에 정대시킨다.,The aircraft shall be pushed back to face north until its nosewheel is at spot 56.,,aip,AMDT 7/26,review,
283R:2,283R,Pushback Approved to Face North,항공기 기수방향이 북쪽을 향하게 하고 Nose Gear 및 동체가 R1 유도선에 위치하도록 푸쉬백한다.,The aircraft shall be pushed back onto taxilane R1 to face north.,,aip,AMDT 7/26,review,
283R:3,283R,Pushback Approved to Face East,항공기 기수방향이 동쪽을 향하게 하고 Nose Gear 및 동체가 R17 유도선에 위치하도록 푸쉬백한다.<br>* 항공기 소산 전용,The aircraft shall be pushed back onto taxilane R17 to face east. * This procedure is for aircraft dispersal only.,,aip+tr,AMDT 7/26,review,
284:0,284,Pushback Approved to Face East,항공기 기수방향이 동쪽을 향하게 하고 Nose Gear 및 동체가 RE 유도선에 위치하도록 푸쉬백한다.,The aircraft shall be pushed back onto taxilane RE to face east.,,aip,AMDT 7/26,review,
284:1,284,Pushback Approved to Face West,항공기 기수방향이 서쪽을 향하게 하고 Nose Gear 및 동체가 RE 유도선에 위치하도록 푸쉬백한다.,The aircraft shall be pushed back onto taxilane RE to face west.,,aip,AMDT 7/26,review,
284:2,284,Pushback Approved to Point 56,항공기 기수방향이 북쪽을 향하게 하고 R1유도선을 따라 견인하여 Nose Gear를 Point 56에 정대시킨다.,The aircraft shall be pushed back to face north until its nosewheel is at spot 56.,,aip,AMDT 7/26,review,
285:0,285,Pushback Approved to Face East,항공기 기수방향이 동쪽을 향하게 하고 Nose Gear 및 동체가 RE 유도선에 위치하도록 푸쉬백한다.,The aircraft shall be pushed back onto taxilane RE to face east.,,aip,AMDT 7/26,review,
285:1,285,Pushback Approved to Face West,항공기 기수방향이 서쪽을 향하게 하고 Nose Gear 및 동체가 RE 유도선에 위치하도록 푸쉬백한다.,The aircraft shall be pushed back onto taxilane RE to face west.,,aip,AMDT 7/26,review,
285:2,285,Pushback Approved to Point 56,항공기 기수방향이 북쪽을 향하게 하고 R1유도선을 따라 견인하여 Nose Gear를 Point 56에 정대시킨다.,The aircraft shall be pushed back to face north until its nosewheel is at spot 56.,,aip,AMDT 7/26,review,
286:0,286,Pushback Approved to Face East,항공기 기수방향이 동쪽을 향하게 하고 Nose Gear 및 동체가 RE 유도선에 위치하도록 푸쉬백한다.,The aircraft shall be pushed back onto taxilane RE to face east.,,aip,AMDT 7/26,review,
286:1,286,Pushback Approved to Face West,항공기 기수방향이 서쪽을 향하게 하고 Nose Gear 및 동체가 RE 유도선에 위치하도록 푸쉬백한다.,The aircraft shall be pushed back onto taxilane RE to face west.,,aip,AMDT 7/26,review,
287:0,287,Pushback Approved to Face East,항공기 기수방향이 동쪽을 향하게 하고 Nose Gear 및 동체가 RE 유도선에 위치하도록 푸쉬백한다.,The aircraft shall be pushed back onto taxilane RE to face east.,,aip,AMDT 7/26,review,
287:1,287,Pushback Approved to Face West,항공기 기수방향이 서쪽을 향하게 하고 Nose Gear 및 동체가 RE 유도선에 위치하도록 푸쉬백한다.,The aircraft shall be pushed back onto taxilane RE to face west.,,aip,AMDT 7/26,review,
288:0,288,Pushback Approved to Face East,항공기 기수방향이 동쪽을 향하게 하고 Nose Gear 및 동체가 RE 유도선에 위치하도록 푸쉬백한다.,The aircraft shall be pushed back onto taxilane RE to face east.,,aip,AMDT 7/26,review,
288:1,288,Pushback Approved to Face West,항공기 기수방향이 서쪽을 향하게 하고 Nose Gear 및 동체가 RE 유도선에 위치하도록 푸쉬백한다.,The aircraft shall be pushed back onto taxilane RE to face west.,,aip,AMDT 7/26,review,
288:2,288,Pushback Approved to Point 55,항공기 기수방향이 서쪽을 향하게 하고 RE유도선을 따라 견인하여 Nose Gear를 Point 55에 정대시킨다.,The aircraft shall be pushed back to face west and then towed forward until its nosewheel is at spot 55.,,aip,AMDT 7/26,review,
289:0,289,Pushback Approved to Face East,항공기 기수방향이 동쪽을 향하게 하고 Nose Gear 및 동체가 RE 유도선에 위치하도록 푸쉬백한다.,The aircraft shall be pushed back onto taxilane RE to face east.,,aip,AMDT 7/26,review,
289:1,289,Pushback Approved to Face West,항공기 기수방향이 서쪽을 향하게 하고 Nose Gear 및 동체가 RE 유도선에 위치하도록 푸쉬백한다.,The aircraft shall be pushed back onto taxilane RE to face west.,,aip,AMDT 7/26,review,
289:2,289,Pushback Approved to Point 55,항공기 기수방향이 서쪽을 향하게 하고 RE유도선을 따라 견인하여 Nose Gear를 Point 55에 정대시킨다.,The aircraft shall be pushed back to face west and then towed forward until its nosewheel is at spot 55.,,aip,AMDT 7/26,review,
290:0,290,Pushback Approved to Face West,항공기 기수방향이 서쪽을 향하게 하고 Nose Gear 및 동체가 RE 유도선에 위치하도록 푸쉬백한다.,The aircraft shall be pushed back onto taxilane RE to face west.,,aip,AMDT 7/26,review,
290:1,290,Pushback Approved to Point 55,항공기 기수방향이 서쪽을 향하게 하고 RE유도선을 따라 견인하여 Nose Gear를 Point 55에 정대시킨다.,The aircraft shall be pushed back to face west until its nosewheel is at spot 55.,,aip,AMDT 7/26,review,
290:2,290,Pushback Approved to Face South on R23,항공기 기수방향을 남쪽으로 향하게 하고 R23유도선을 따라 푸쉬백하여 Nose Gear를 R23상에 정대시킨다.,The aircraft shall be pushed back onto taxilane R23 to face south.,,aip,AMDT 7/26,review,
290R:0,290R,Pushback Approved to Face West,항공기 기수방향이 서쪽을 향하게 하고 Nose Gear 및 동체가 R17 유도선에 위치하도록 푸쉬백한다.,The aircraft shall be pushed back onto taxilane R17 to face west.,,aip,AMDT 7/26,review,
291:0,291,Pushback Approved to Face West,항공기 기수방향이 서쪽을 향하게 하고 Nose Gear 및 동체가 RE 유도선에 위치하도록 푸쉬백한다.,The aircraft shall be pushed back onto taxilane RE to face west.,,aip,AMDT 7/26,review,
291:1,291,Pushback Approved to Point 55,항공기 기수방향이 서쪽을 향하게 하고 RE유도선을 따라 견인하여 Nose Gear를 Point 55에 정대시킨다.,The aircraft shall be pushed back to face west until its nosewheel is at spot 55.,,aip,AMDT 7/26,review,
291:2,291,Pushback Approved to Face South on R23,항공기 기수방향을 남쪽으로 향하게 하고 R23유도선을 따라 푸쉬백하여 Nose Gear를 R23상에 정대시킨다.,The aircraft shall be pushed back onto taxilane R23 to face south.,,aip,AMDT 7/26,review,
301:0,301,Pushback Approved to Face East,항공기 기수방향이 동쪽을 향하게 하고 Nose Gear 및 동체가 R10 유도선에 위치하도록 푸쉬백한다.,The aircraft shall be pushed back onto taxilane R10 to face east.,,aip,AMDT 7/26,review,
302:0,302,Pushback Approved to Face East,항공기 기수방향이 동쪽을 향하게 하고 Nose Gear 및 동체가 R10 유도선에 위치하도록 푸쉬백한다.,The aircraft shall be pushed back onto taxilane R10 to face east.,,aip+tr,,review,
302:1,302,Pushback Approved to Face West,항공기 기수방향이 서쪽을 향하게 하고 Nose Gear 및 동체가 R10 유도선에 위치하도록 푸쉬백한다. * 302번 주기장에서 푸쉬백 시 R1이 개방되도록 푸쉬백,"The aircraft shall be pushed back onto taxilane R10 to face west. * At stand 302, the aircraft is pushed back so that taxilane R1 remains clear.",,aip+tr,AMDT 7/26,review,
303:0,303,Pushback Approved to Face East,항공기 기수방향이 동쪽을 향하게 하고 Nose Gear 및 동체가 R10 유도선에 위치하도록 푸쉬백한다.,The aircraft shall be pushed back onto taxilane R10 to face east.,,aip+tr,,review,
303:1,303,Pushback Approved to Face West,항공기 기수방향이 서쪽을 향하게 하고 Nose Gear 및 동체가 R10 유도선에 위치하도록 푸쉬백한다.,The aircraft shall be pushed back onto taxilane R10 to face west.,,aip,AMDT 7/26,review,
304:0,304,Pushback Approved to Face East,항공기 기수방향이 동쪽을 향하게 하고 Nose Gear 및 동체가 R10 유도선에 위치하도록 푸쉬백한다.,The aircraft shall be pushed back onto taxilane R10 to face east.,,aip+tr,,review,
304:1,304,Pushback Approved to Face West,항공기 기수방향이 서쪽을 향하게 하고 Nose Gear 및 동체가 R10 유도선에 위치하도록 푸쉬백한다.,The aircraft shall be pushed back onto taxilane R10 to face west.,,aip,AMDT 7/26,review,
305:0,305,Pushback Approved to Face East,항공기 기수방향이 동쪽을 향하게 하고 Nose Gear 및 동체가 R10 유도선에 위치하도록 푸쉬백한다.,The aircraft shall be pushed back onto taxilane R10 to face east.,,aip+tr,,review,
305:1,305,Pushback Approved to Face West,항공기 기수방향이 서쪽을 향하게 하고 Nose Gear 및 동체가 R10 유도선에 위치하도록 푸쉬백한다.,The aircraft shall be pushed back onto taxilane R10 to face west.,,aip,AMDT 7/26,review,
306:0,306,Pushback Approved to Face East,항공기 기수방향이 동쪽을 향하게 하고 Nose Gear 및 동체가 R10 유도선에 위치하도록 푸쉬백한다.,The aircraft shall be pushed back onto taxilane R10 to face east.,,aip+tr,,review,
306:1,306,Pushback Approved to Face West,항공기 기수방향이 서쪽을 향하게 하고 Nose Gear 및 동체가 R10 유도선에 위치하도록 푸쉬백한다.,The aircraft shall be pushed back onto taxilane R10 to face west.,,aip,AMDT 7/26,review,
307:0,307,Pushback Approved to Face East,항공기 기수방향이 동쪽을 향하게 하고 Nose Gear 및 동체가 R10 유도선에 위치하도록 푸쉬백한다.,The aircraft shall be pushed back onto taxilane R10 to face east.,,aip+tr,,review,
307:1,307,Pushback Approved to Face West,항공기 기수방향이 서쪽을 향하게 하고 Nose Gear 및 동체가 R10 유도선에 위치하도록 푸쉬백한다.,The aircraft shall be pushed back onto taxilane R10 to face west.,,aip,AMDT 7/26,review,
308:0,308,Pushback Approved to Face East,항공기 기수방향이 동쪽을 향하게 하고 Nose Gear 및 동체가 R10 유도선에 위치하도록 푸쉬백한다.,The aircraft shall be pushed back onto taxilane R10 to face east.,,aip+tr,,review,
308:1,308,Pushback Approved to Face West,항공기 기수방향이 서쪽을 향하게 하고 Nose Gear 및 동체가 R10 유도선에 위치하도록 푸쉬백한다.,The aircraft shall be pushed back onto taxilane R10 to face west.,,aip,AMDT 7/26,review,
309:0,309,Pushback Approved to Face East,항공기 기수방향이 동쪽을 향하게 하고 Nose Gear 및 동체가 R10 유도선에 위치하도록 푸쉬백한다.,The aircraft shall be pushed back onto taxilane R10 to face east.,,aip+tr,,review,
309:1,309,Pushback Approved to Face West,항공기 기수방향이 서쪽을 향하게 하고 Nose Gear 및 동체가 R10 유도선에 위치하도록 푸쉬백한다.,The aircraft shall be pushed back onto taxilane R10 to face west.,,aip,AMDT 7/26,review,
310:0,310,Pushback Approved to Face East,항공기 기수방향이 동쪽을 향하게 하고 Nose Gear 및 동체가 R10 유도선에 위치하도록 푸쉬백한다.,The aircraft shall be pushed back onto taxilane R10 to face east.,,aip+tr,,review,
310:1,310,Pushback Approved to Face West,항공기 기수방향이 서쪽을 향하게 하고 Nose Gear 및 동체가 R10 유도선에 위치하도록 푸쉬백한다.,The aircraft shall be pushed back onto taxilane R10 to face west.,,aip,AMDT 7/26,review,
311:0,311,Pushback Approved to Face East,항공기 기수방향이 동쪽을 향하게 하고 Nose Gear 및 동체가 R10 유도선에 위치하도록 푸쉬백한다. * 311번 주기장에서 푸쉬백 시 R4가 개방되도록 푸쉬백,"The aircraft shall be pushed back onto taxilane R10 to face east. * At stand 311, the aircraft is pushed back so that taxilane R4 remains clear.",,aip+tr,,review,
311:1,311,Pushback Approved to Face West,항공기 기수방향이 서쪽을 향하게 하고 Nose Gear 및 동체가 R10 유도선에 위치하도록 푸쉬백한다.,The aircraft shall be pushed back onto taxilane R10 to face west.,,aip,AMDT 7/26,review,
312:0,312,Pushback Approved to Face West,항공기 기수방향이 서쪽을 향하게 하고 Nose Gear 및 동체가 R10 유도선에 위치하도록 푸쉬백한다.,The aircraft shall be pushed back onto taxilane R10 to face west.,,aip,AMDT 7/26,review,
321:0,321,Pushback Approved to Face East,항공기 기수방향이 동쪽을 향하게 하고 Nose Gear 및 동체가 RG 유도선에 위치하도록 푸쉬백한다.,The aircraft shall be pushed back onto taxilane RG to face east.,,aip,AMDT 7/26,review,
322:0,322,Pushback Approved to Face East,항공기 기수방향이 동쪽을 향하게 하고 Nose Gear 및 동체가 RG 유도선에 위치하도록 푸쉬백한다.,The aircraft shall be pushed back onto taxilane RG to face east.,,aip+tr,,review,
322:1,322,Pushback Approved to Face West,항공기 기수방향이 서쪽을 향하게 하고 Nose Gear 및 동체가 RG 유도선에 위치하도록 푸쉬백한다. * 322번 주기장에서 푸쉬백 시 R1이 개방되도록 푸쉬백,"The aircraft shall be pushed back onto taxilane RG to face west. * At stand 322, the aircraft is pushed back so that taxilane R1 remains clear.",,aip+tr,AMDT 7/26,review,
323:0,323,Pushback Approved to Face East,항공기 기수방향이 동쪽을 향하게 하고 Nose Gear 및 동체가 RG 유도선에 위치하도록 푸쉬백한다.,The aircraft shall be pushed back onto taxilane RG to face east.,,aip+tr,,review,
323:1,323,Pushback Approved to Face West,항공기 기수방향이 서쪽을 향하게 하고 Nose Gear 및 동체가 RG 유도선에 위치하도록 푸쉬백한다.,The aircraft shall be pushed back onto taxilane RG to face west.,,aip,AMDT 7/26,review,
324:0,324,Pushback Approved to Face East,항공기 기수방향이 동쪽을 향하게 하고 Nose Gear 및 동체가 RG 유도선에 위치하도록 푸쉬백한다.,The aircraft shall be pushed back onto taxilane RG to face east.,,aip+tr,,review,
324:1,324,Pushback Approved to Face West,항공기 기수방향이 서쪽을 향하게 하고 Nose Gear 및 동체가 RG 유도선에 위치하도록 푸쉬백한다.,The aircraft shall be pushed back onto taxilane RG to face west.,,aip,AMDT 7/26,review,
325:0,325,Pushback Approved to Face East,항공기 기수방향이 동쪽을 향하게 하고 Nose Gear 및 동체가 RG 유도선에 위치하도록 푸쉬백한다.,The aircraft shall be pushed back onto taxilane RG to face east.,,aip+tr,,review,
325:1,325,Pushback Approved to Face West,항공기 기수방향이 서쪽을 향하게 하고 Nose Gear 및 동체가 RG 유도선에 위치하도록 푸쉬백한다.,The aircraft shall be pushed back onto taxilane RG to face west.,,aip,AMDT 7/26,review,
326:0,326,Pushback Approved to Face East,항공기 기수방향이 동쪽을 향하게 하고 Nose Gear 및 동체가 RG 유도선에 위치하도록 푸쉬백한다.,The aircraft shall be pushed back onto taxilane RG to face east.,,aip+tr,,review,
326:1,326,Pushback Approved to Face West,항공기 기수방향이 서쪽을 향하게 하고 Nose Gear 및 동체가 RG 유도선에 위치하도록 푸쉬백한다.,The aircraft shall be pushed back onto taxilane RG to face west.,,aip,AMDT 7/26,review,
327:0,327,Pushback Approved to Face East,항공기 기수방향이 동쪽을 향하게 하고 Nose Gear 및 동체가 RG 유도선에 위치하도록 푸쉬백한다.,The aircraft shall be pushed back onto taxilane RG to face east.,,aip+tr,,review,
327:1,327,Pushback Approved to Face West,항공기 기수방향이 서쪽을 향하게 하고 Nose Gear 및 동체가 RG 유도선에 위치하도록 푸쉬백한다.,The aircraft shall be pushed back onto taxilane RG to face west.,,aip,AMDT 7/26,review,
328:0,328,Pushback Approved to Face East,항공기 기수방향이 동쪽을 향하게 하고 Nose Gear 및 동체가 RG 유도선에 위치하도록 푸쉬백한다.,The aircraft shall be pushed back onto taxilane RG to face east.,,aip+tr,,review,
328:1,328,Pushback Approved to Face West,항공기 기수방향이 서쪽을 향하게 하고 Nose Gear 및 동체가 RG 유도선에 위치하도록 푸쉬백한다.,The aircraft shall be pushed back onto taxilane RG to face west.,,aip,AMDT 7/26,review,
329:0,329,Pushback Approved to Face East,항공기 기수방향이 동쪽을 향하게 하고 Nose Gear 및 동체가 RG 유도선에 위치하도록 푸쉬백한다.,The aircraft shall be pushed back onto taxilane RG to face east.,,aip+tr,,review,
329:1,329,Pushback Approved to Face West,항공기 기수방향이 서쪽을 향하게 하고 Nose Gear 및 동체가 RG 유도선에 위치하도록 푸쉬백한다.,The aircraft shall be pushed back onto taxilane RG to face west.,,aip,AMDT 7/26,review,
330:0,330,Pushback Approved to Face East,항공기 기수방향이 동쪽을 향하게 하고 Nose Gear 및 동체가 RG 유도선에 위치하도록 푸쉬백한다.,The aircraft shall be pushed back onto taxilane RG to face east.,,aip+tr,,review,
330:1,330,Pushback Approved to Face West,항공기 기수방향이 서쪽을 향하게 하고 Nose Gear 및 동체가 RG 유도선에 위치하도록 푸쉬백한다.,The aircraft shall be pushed back onto taxilane RG to face west.,,aip,AMDT 7/26,review,
331:0,331,Pushback Approved to Face East,항공기 기수방향이 동쪽을 향하게 하고 Nose Gear 및 동체가 RG 유도선에 위치하도록 푸쉬백한다. * 331번 주기장에서 푸쉬백 시 R4가 개방되도록 푸쉬백,"The aircraft shall be pushed back onto taxilane RG to face east. * At stand 331, the aircraft is pushed back so that taxilane R4 remains clear.",,aip+tr,,review,
331:1,331,Pushback Approved to Face West,항공기 기수방향이 서쪽을 향하게 하고 Nose Gear 및 동체가 RG 유도선에 위치하도록 푸쉬백한다.,The aircraft shall be pushed back onto taxilane RG to face west.,,aip,AMDT 7/26,review,
332:0,332,Pushback Approved to Face West,항공기 기수방향이 서쪽을 향하게 하고 Nose Gear 및 동체가 RG 유도선에 위치하도록 푸쉬백한다.,The aircraft shall be pushed back onto taxilane RG to face west.,,aip,AMDT 7/26,review,
341:0,341,Pushback Approved to Face East,항공기 기수방향이 동쪽을 향하게 하고 Nose Gear 및 동체가 RG 유도선에 위치하도록 푸쉬백한다.,The aircraft shall be pushed back onto taxilane RG to face east.,,aip,AMDT 7/26,review,
342:0,342,Pushback Approved to Face East,항공기 기수방향이 동쪽을 향하게 하고 Nose Gear 및 동체가 RG 유도선에 위치하도록 푸쉬백한다.,The aircraft shall be pushed back onto taxilane RG to face east.,,aip+tr,,review,
342:1,342,Pushback Approved to Face West,항공기 기수방향이 서쪽을 향하게 하고 Nose Gear 및 동체가 RG 유도선에 위치하도록 푸쉬백한다.,The aircraft shall be pushed back onto taxilane RG to face west.,,aip,AMDT 7/26,review,
343:0,343,Pushback Approved to Face East,항공기 기수방향이 동쪽을 향하게 하고 Nose Gear 및 동체가 RG 유도선에 위치하도록 푸쉬백한다.,The aircraft shall be pushed back onto taxilane RG to face east.,,aip+tr,,review,
343:1,343,Pushback Approved to Face West,항공기 기수방향이 서쪽을 향하게 하고 Nose Gear 및 동체가 RG 유도선에 위치하도록 푸쉬백한다.,The aircraft shall be pushed back onto taxilane RG to face west.,,aip,AMDT 7/26,review,
344:0,344,Pushback Approved to Face East,항공기 기수방향이 동쪽을 향하게 하고 Nose Gear 및 동체가 RG 유도선에 위치하도록 푸쉬백한다.,The aircraft shall be pushed back onto taxilane RG to face east.,,aip+tr,,review,
344:1,344,Pushback Approved to Face West,항공기 기수방향이 서쪽을 향하게 하고 Nose Gear 및 동체가 RG 유도선에 위치하도록 푸쉬백한다.,The aircraft shall be pushed back onto taxilane RG to face west.,,aip,AMDT 7/26,review,
345:0,345,Pushback Approved to Face East,항공기 기수방향이 동쪽을 향하게 하고 Nose Gear 및 동체가 RG 유도선에 위치하도록 푸쉬백한다.,The aircraft shall be pushed back onto taxilane RG to face east.,,aip+tr,,review,
345:1,345,Pushback Approved to Face West,항공기 기수방향이 서쪽을 향하게 하고 Nose Gear 및 동체가 RG 유도선에 위치하도록 푸쉬백한다.,The aircraft shall be pushed back onto taxilane RG to face west.,,aip,AMDT 7/26,review,
346:0,346,Pushback Approved to Face East,항공기 기수방향이 동쪽을 향하게 하고 Nose Gear 및 동체가 RG 유도선에 위치하도록 푸쉬백한다.,The aircraft shall be pushed back onto taxilane RG to face east.,,aip+tr,,review,
346:1,346,Pushback Approved to Face West,항공기 기수방향이 서쪽을 향하게 하고 Nose Gear 및 동체가 RG 유도선에 위치하도록 푸쉬백한다.,The aircraft shall be pushed back onto taxilane RG to face west.,,aip,AMDT 7/26,review,
347:0,347,Pushback Approved to Face East,항공기 기수방향이 동쪽을 향하게 하고 Nose Gear 및 동체가 RG 유도선에 위치하도록 푸쉬백한다.,The aircraft shall be pushed back onto taxilane RG to face east.,,aip+tr,,review,
347:1,347,Pushback Approved to Face West,항공기 기수방향이 서쪽을 향하게 하고 Nose Gear 및 동체가 RG 유도선에 위치하도록 푸쉬백한다.,The aircraft shall be pushed back onto taxilane RG to face west.,,aip,AMDT 7/26,review,
348:0,348,Pushback Approved to Face East,항공기 기수방향이 동쪽을 향하게 하고 Nose Gear 및 동체가 RG 유도선에 위치하도록 푸쉬백한다.,The aircraft shall be pushed back onto taxilane RG to face east.,,aip+tr,,review,
348:1,348,Pushback Approved to Face West,항공기 기수방향이 서쪽을 향하게 하고 Nose Gear 및 동체가 RG 유도선에 위치하도록 푸쉬백한다.,The aircraft shall be pushed back onto taxilane RG to face west.,,aip,AMDT 7/26,review,
349:0,349,Pushback Approved to Face East,항공기 기수방향이 동쪽을 향하게 하고 Nose Gear 및 동체가 RG 유도선에 위치하도록 푸쉬백한다.,The aircraft shall be pushed back onto taxilane RG to face east.,,aip+tr,,review,
349:1,349,Pushback Approved to Face West,항공기 기수방향이 서쪽을 향하게 하고 Nose Gear 및 동체가 RG 유도선에 위치하도록 푸쉬백한다.,The aircraft shall be pushed back onto taxilane RG to face west.,,aip,AMDT 7/26,review,
350:0,350,Pushback Approved to Face East,항공기 기수방향이 동쪽을 향하게 하고 Nose Gear 및 동체가 RG 유도선에 위치하도록 푸쉬백한다.,The aircraft shall be pushed back onto taxilane RG to face east.,,aip+tr,,review,
350:1,350,Pushback Approved to Face West,항공기 기수방향이 서쪽을 향하게 하고 Nose Gear 및 동체가 RG 유도선에 위치하도록 푸쉬백한다.,The aircraft shall be pushed back onto taxilane RG to face west.,,aip,AMDT 7/26,review,
351:0,351,Pushback Approved to Face East,항공기 기수방향이 동쪽을 향하게 하고 Nose Gear 및 동체가 RG 유도선에 위치하도록 푸쉬백한다.,The aircraft shall be pushed back onto taxilane RG to face east.,,aip+tr,,review,
351:1,351,Pushback Approved to Face West,항공기 기수방향이 서쪽을 향하게 하고 Nose Gear 및 동체가 RG 유도선에 위치하도록 푸쉬백한다.,The aircraft shall be pushed back onto taxilane RG to face west.,,aip,AMDT 7/26,review,
352:0,352,Pushback Approved to Face East,항공기 기수방향이 동쪽을 향하게 하고 Nose Gear 및 동체가 RG 유도선에 위치하도록 푸쉬백한다.,The aircraft shall be pushed back onto taxilane RG to face east.,,aip+tr,,review,
352:1,352,Pushback Approved to Face West,항공기 기수방향이 서쪽을 향하게 하고 Nose Gear 및 동체가 RG 유도선에 위치하도록 푸쉬백한다.,The aircraft shall be pushed back onto taxilane RG to face west.,,aip,AMDT 7/26,review,
353:0,353,Pushback Approved to Face West,항공기 기수방향이 서쪽을 향하게 하고 Nose Gear 및 동체가 RG 유도선에 위치하도록 푸쉬백한다.,The aircraft shall be pushed back onto taxilane RG to face west.,,aip,AMDT 7/26,review,
361:0,361,Pushback Approved to Face East,"항공기 기수방향이 동쪽을 향하게 하고 Nose Gear 및 동체가 R11 유도선에 위치하도록 푸쉬백한다. * B737, A320, A220 시리즈 항공기는 P/B 필요 그 외 기종은 주기장에서 엔진시동 후 LEFT TURN 출발 가능","The aircraft shall be pushed back onto taxilane R11 to face east. * Pushback is required for the B737, A320 and A220 series. Other types can start engines on the stand and depart with a left turn.",,aip+tr,AMDT 7/26,review,
362:0,362,Pushback Approved to Face East,항공기 기수방향이 동쪽을 향하게 하고 Nose Gear 및 동체가 R11 유도선에 위치하도록 푸쉬백한다.,The aircraft shall be pushed back onto taxilane R11 to face east.,,aip,AMDT 7/26,review,
362:1,362,Pushback Approved to Face West,항공기 기수방향이 서쪽을 향하게 하고 Nose Gear 및 동체가 R11 유도선에 위치하도록 푸쉬백한다.,The aircraft shall be pushed back onto taxilane R11 to face west.,,aip,AMDT 7/26,review,
363:0,363,Pushback Approved to Face East,항공기 기수방향이 동쪽을 향하게 하고 Nose Gear 및 동체가 R11 유도선에 위치하도록 푸쉬백한다.,The aircraft shall be pushed back onto taxilane R11 to face east.,,aip,AMDT 7/26,review,
363:1,363,Pushback Approved to Face West,항공기 기수방향이 서쪽을 향하게 하고 Nose Gear 및 동체가 R11 유도선에 위치하도록 푸쉬백한다.,The aircraft shall be pushed back onto taxilane R11 to face west.,,aip,AMDT 7/26,review,
364:0,364,Pushback Approved to Face East,항공기 기수방향이 동쪽을 향하게 하고 Nose Gear 및 동체가 R11 유도선에 위치하도록 푸쉬백한다.,The aircraft shall be pushed back onto taxilane R11 to face east.,,aip,AMDT 7/26,review,
364:1,364,Pushback Approved to Face West,항공기 기수방향이 서쪽을 향하게 하고 Nose Gear 및 동체가 R11 유도선에 위치하도록 푸쉬백한다.,The aircraft shall be pushed back onto taxilane R11 to face west.,,aip,AMDT 7/26,review,
365:0,365,Pushback Approved to Face East,항공기 기수방향이 동쪽을 향하게 하고 Nose Gear 및 동체가 R11 유도선에 위치하도록 푸쉬백한다.,The aircraft shall be pushed back onto taxilane R11 to face east.,,aip,AMDT 7/26,review,
365:1,365,Pushback Approved to Face West,항공기 기수방향이 서쪽을 향하게 하고 Nose Gear 및 동체가 R11 유도선에 위치하도록 푸쉬백한다.,The aircraft shall be pushed back onto taxilane R11 to face west.,,aip,AMDT 7/26,review,
366:0,366,Pushback Approved to Face East,항공기 기수방향이 동쪽을 향하게 하고 Nose Gear 및 동체가 R11 유도선에 위치하도록 푸쉬백한다.,The aircraft shall be pushed back onto taxilane R11 to face east.,,aip,AMDT 7/26,review,
366:1,366,Pushback Approved to Face West,항공기 기수방향이 서쪽을 향하게 하고 Nose Gear 및 동체가 R11 유도선에 위치하도록 푸쉬백한다.,The aircraft shall be pushed back onto taxilane R11 to face west.,,aip,AMDT 7/26,review,
367:0,367,Pushback Approved to Face East,항공기 기수방향이 동쪽을 향하게 하고 Nose Gear 및 동체가 R11 유도선에 위치하도록 푸쉬백한다.,The aircraft shall be pushed back onto taxilane R11 to face east.,,aip,AMDT 7/26,review,
367:1,367,Pushback Approved to Face West,항공기 기수방향이 서쪽을 향하게 하고 Nose Gear 및 동체가 R11 유도선에 위치하도록 푸쉬백한다.,The aircraft shall be pushed back onto taxilane R11 to face west.,,aip,AMDT 7/26,review,
368:0,368,Pushback Approved to Face East,항공기 기수방향이 동쪽을 향하게 하고 Nose Gear 및 동체가 R11 유도선에 위치하도록 푸쉬백한다.,The aircraft shall be pushed back onto taxilane R11 to face east.,,aip,AMDT 7/26,review,
368:1,368,Pushback Approved to Face West,항공기 기수방향이 서쪽을 향하게 하고 Nose Gear 및 동체가 R11 유도선에 위치하도록 푸쉬백한다.,The aircraft shall be pushed back onto taxilane R11 to face west.,,aip,AMDT 7/26,review,
369:0,369,Pushback Approved to Face East,항공기 기수방향이 동쪽을 향하게 하고 Nose Gear 및 동체가 R11 유도선에 위치하도록 푸쉬백한다.,The aircraft shall be pushed back onto taxilane R11 to face east.,,aip,AMDT 7/26,review,
369:1,369,Pushback Approved to Face West,항공기 기수방향이 서쪽을 향하게 하고 Nose Gear 및 동체가 R11 유도선에 위치하도록 푸쉬백한다.,The aircraft shall be pushed back onto taxilane R11 to face west.,,aip,AMDT 7/26,review,
370:0,370,Pushback Approved to Face East,항공기 기수방향이 동쪽을 향하게 하고 Nose Gear 및 동체가 R11 유도선에 위치하도록 푸쉬백한다.,The aircraft shall be pushed back onto taxilane R11 to face east.,,aip,AMDT 7/26,review,
370:1,370,Pushback Approved to Face West,항공기 기수방향이 서쪽을 향하게 하고 Nose Gear 및 동체가 R11 유도선에 위치하도록 푸쉬백한다.,The aircraft shall be pushed back onto taxilane R11 to face west.,,aip,AMDT 7/26,review,
371:0,371,Pushback Approved to Face East,항공기 기수방향이 동쪽을 향하게 하고 Nose Gear 및 동체가 R11 유도선에 위치하도록 푸쉬백한다.,The aircraft shall be pushed back onto taxilane R11 to face east.,,aip,AMDT 7/26,review,
371:1,371,Pushback Approved to Face West,항공기 기수방향이 서쪽을 향하게 하고 Nose Gear 및 동체가 R11 유도선에 위치하도록 푸쉬백한다.,The aircraft shall be pushed back onto taxilane R11 to face west.,,aip,AMDT 7/26,review,
372:0,372,Pushback Approved to Face East,항공기 기수방향이 동쪽을 향하게 하고 Nose Gear 및 동체가 R11 유도선에 위치하도록 푸쉬백한다.,The aircraft shall be pushed back onto taxilane R11 to face east.,,aip,AMDT 7/26,review,
372:1,372,Pushback Approved to Face West,항공기 기수방향이 서쪽을 향하게 하고 Nose Gear 및 동체가 R11 유도선에 위치하도록 푸쉬백한다.,The aircraft shall be pushed back onto taxilane R11 to face west.,,aip,AMDT 7/26,review,
373:0,373,Pushback Approved to Face East,항공기 기수방향이 동쪽을 향하게 하고 Nose Gear 및 동체가 R11 유도선에 위치하도록 푸쉬백한다.,The aircraft shall be pushed back onto taxilane R11 to face east.,,aip,AMDT 7/26,review,
373:1,373,Pushback Approved to Face West,항공기 기수방향이 서쪽을 향하게 하고 Nose Gear 및 동체가 R11 유도선에 위치하도록 푸쉬백한다.,The aircraft shall be pushed back onto taxilane R11 to face west.,,aip,AMDT 7/26,review,
374:0,374,Pushback Approved to Face East,항공기 기수방향이 동쪽을 향하게 하고 Nose Gear 및 동체가 R11 유도선에 위치하도록 푸쉬백한다.,The aircraft shall be pushed back onto taxilane R11 to face east.,,aip,AMDT 7/26,review,
374:1,374,Pushback Approved to Face West,항공기 기수방향이 서쪽을 향하게 하고 Nose Gear 및 동체가 R11 유도선에 위치하도록 푸쉬백한다.,The aircraft shall be pushed back onto taxilane R11 to face west.,,aip,AMDT 7/26,review,
375:0,375,Pushback Approved to Face East,항공기 기수방향이 동쪽을 향하게 하고 Nose Gear 및 동체가 R11 유도선에 위치하도록 푸쉬백한다.,The aircraft shall be pushed back onto taxilane R11 to face east.,,aip,AMDT 7/26,review,
375:1,375,Pushback Approved to Face West,항공기 기수방향이 서쪽을 향하게 하고 Nose Gear 및 동체가 R11 유도선에 위치하도록 푸쉬백한다.,The aircraft shall be pushed back onto taxilane R11 to face west.,,aip,AMDT 7/26,review,
376:0,376,Pushback Approved to Face West,"항공기 기수방향이 서쪽을 향하게 하고 Nose Gear 및 동체가 R11 유도선에 위치하도록 푸쉬백한다. * B737, A320, A220 시리즈 항공기는 P/B 필요 그 외 기종은 주기장에서 엔진시동 후 RIGHT TURN 출발 가능","The aircraft shall be pushed back onto taxilane R11 to face west. * Pushback is required for the B737, A320 and A220 series. Other types can start engines on the stand and depart with a right turn.",,aip+tr,AMDT 7/26,review,
501:0,501,Pushback Approved to Face South,항공기 기수방향이 남쪽을 향하게 하고 Nose Gear 및 동체가 R1 유도선에 위치하도록 푸쉬백한다.,The aircraft shall be pushed back onto taxilane R1 to face south.,,aip+tr,,review,
501:1,501,Pushback Approved to Face North,항공기 기수방향이 북쪽을 향하게 하고 Nose Gear 및 동체가 R1 유도선에 위치하도록 푸쉬백한다.,The aircraft shall be pushed back onto taxilane R1 to face north.,,aip,AMDT 7/26,review,
501:2,501,Pushback Approved to Face Point 58,항공기를 후방견인한후 기수방향을 북쪽으로 향하게 하고 R1유도선을 따라 견인하여 Nose Gear를 Point 58에 정대시킨다.,The aircraft shall be pushed back to face north and then towed forward along taxilane R1 until its nosewheel is at spot 58.,,aip+tr,,review,
502:0,502,Pushback Approved to Face North,항공기 기수방향이 북쪽을 향하게 하고 Nose Gear 및 동체가 R1 유도선에 위치하도록 푸쉬백한다.,The aircraft shall be pushed back onto taxilane R1 to face north.,,aip,AMDT 7/26,review,
502:1,502,Pushback Approved to Face South,항공기 기수방향이 남쪽을 향하게 하고 Nose Gear 및 동체가 R1 유도선에 위치하도록 푸쉬백한다.,The aircraft shall be pushed back onto taxilane R1 to face south.,,aip,AMDT 7/26,review,
503:0,503,Pushback Approved to Face North,항공기 기수방향이 북쪽을 향하게 하고 Nose Gear 및 동체가 R1 유도선에 위치하도록 푸쉬백한다.,The aircraft shall be pushed back onto taxilane R1 to face north.,,aip,AMDT 7/26,review,
503:1,503,Pushback Approved to Face South,항공기 기수방향이 남쪽을 향하게 하고 Nose Gear 및 동체가 R1 유도선에 위치하도록 푸쉬백한다.,The aircraft shall be pushed back onto taxilane R1 to face south.,,aip,AMDT 7/26,review,
504:0,504,Pushback Approved to Face North,항공기 기수방향이 북쪽을 향하게 하고 Nose Gear 및 동체가 R1 유도선에 위치하도록 푸쉬백한다.,The aircraft shall be pushed back onto taxilane R1 to face north.,,aip,AMDT 7/26,review,
504:1,504,Pushback Approved to Face South,항공기 기수방향이 남쪽을 향하게 하고 Nose Gear 및 동체가 R1 유도선에 위치하도록 푸쉬백한다.,The aircraft shall be pushed back onto taxilane R1 to face south.,,aip,AMDT 7/26,review,
505:0,505,Pushback Approved to Face North,항공기 기수방향이 북쪽을 향하게 하고 Nose Gear 및 동체가 R1 유도선에 위치하도록 푸쉬백한다.,The aircraft shall be pushed back onto taxilane R1 to face north.,,aip,AMDT 7/26,review,
505:1,505,Pushback Approved to Face South,항공기 기수방향이 남쪽을 향하게 하고 Nose Gear 및 동체가 R1 유도선에 위치하도록 푸쉬백한다.,The aircraft shall be pushed back onto taxilane R1 to face south.,,aip,AMDT 7/26,review,
506:0,506,Pushback Approved to Face North,항공기 기수방향이 북쪽을 향하게 하고 Nose Gear 및 동체가 R1 유도선에 위치하도록 푸쉬백한다.,The aircraft shall be pushed back onto taxilane R1 to face north.,,aip,AMDT 7/26,review,
506:1,506,Pushback Approved to Face South,항공기 기수방향이 남쪽을 향하게 하고 Nose Gear 및 동체가 R1 유도선에 위치하도록 푸쉬백한다.,The aircraft shall be pushed back onto taxilane R1 to face south.,,aip,AMDT 7/26,review,
506:2,506,Pushback Approved to Face Point 56,항공기 기수방향이 북쪽을 향하게 하고 Nose Gear 및 동체가 R1유도선을 따라 견인하여 Nose Gear를 Point 56에 정대시킨다.,The aircraft shall be pushed back to face north and then towed forward along taxilane R1 until its nosewheel is at spot 56.,,aip+tr,,review,
507:0,507,Pushback Approved to Face North,항공기 기수방향이 북쪽을 향하게 하고 Nose Gear 및 동체가 R1 유도선에 위치하도록 푸쉬백한다.,The aircraft shall be pushed back onto taxilane R1 to face north.,,aip,AMDT 7/26,review,
507:1,507,Pushback Approved to Face Point 57,항공기 기수방향이 남쪽을 향하게 하고 Nose Gear 및 동체가 R1유도선을 따라 견인하여 Nose Gear를 Point 57에 정대시킨다.,The aircraft shall be pushed back to face south and then towed forward along taxilane R1 until its nosewheel is at spot 57.,,aip+tr,,review,
507:2,507,Pushback Approved to Face East,항공기 기수방향이 동쪽을 향하게 하고 Nose Gear 및 동체가 RE 유도선에 위치하도록 푸쉬백한다.,The aircraft shall be pushed back onto taxilane RE to face east.,,aip,AMDT 7/26,review,
511:0,511,Pushback Approved to Face South,항공기 기수방향이 남쪽을 향하게 하고 Nose Gear 및 동체가 R4 유도선에 위치하도록 푸쉬백한다.,The aircraft shall be pushed back onto taxilane R4 to face south.,,aip+tr,,review,
511:1,511,Pushback Approved to Face North,항공기 기수방향이 북쪽을 향하게 하고 Nose Gear 및 동체가 R4 유도선에 위치하도록 푸쉬백한다.,The aircraft shall be pushed back onto taxilane R4 to face north.,,aip,AMDT 7/26,review,
511:2,511,Pushback Approved to Face Point 51,항공기 기수방향이 북쪽을 향하게 하고 Nose Gear 및 동체가 R4유도선을 따라 견인하여 Nose Gear를 Point 51에 정대시킨다.,The aircraft shall be pushed back to face north and then towed forward along taxilane R4 until its nosewheel is at spot 51.,,aip+tr,,review,
512:0,512,Pushback Approved to Face North,항공기 기수방향이 북쪽을 향하게 하고 Nose Gear 및 동체가 R4 유도선에 위치하도록 푸쉬백한다.,The aircraft shall be pushed back onto taxilane R4 to face north.,,aip,AMDT 7/26,review,
512:1,512,Pushback Approved to Face South,항공기 기수방향이 남쪽을 향하게 하고 Nose Gear 및 동체가 R4 유도선에 위치하도록 푸쉬백한다.,The aircraft shall be pushed back onto taxilane R4 to face south.,,aip,AMDT 7/26,review,
513:0,513,Pushback Approved to Face North,항공기 기수방향이 북쪽을 향하게 하고 Nose Gear 및 동체가 R4 유도선에 위치하도록 푸쉬백한다.,The aircraft shall be pushed back onto taxilane R4 to face north.,,aip,AMDT 7/26,review,
513:1,513,Pushback Approved to Face South,항공기 기수방향이 남쪽을 향하게 하고 Nose Gear 및 동체가 R4 유도선에 위치하도록 푸쉬백한다.,The aircraft shall be pushed back onto taxilane R4 to face south.,,aip,AMDT 7/26,review,
514:0,514,Pushback Approved to Face North,항공기 기수방향이 북쪽을 향하게 하고 Nose Gear 및 동체가 R4 유도선에 위치하도록 푸쉬백한다.,The aircraft shall be pushed back onto taxilane R4 to face north.,,aip,AMDT 7/26,review,
514:1,514,Pushback Approved to Face South,항공기 기수방향이 남쪽을 향하게 하고 Nose Gear 및 동체가 R4 유도선에 위치하도록 푸쉬백한다.,The aircraft shall be pushed back onto taxilane R4 to face south.,,aip,AMDT 7/26,review,
515:0,515,Pushback Approved to Face North,항공기 기수방향이 북쪽을 향하게 하고 Nose Gear 및 동체가 R4 유도선에 위치하도록 푸쉬백한다.,The aircraft shall be pushed back onto taxilane R4 to face north.,,aip,AMDT 7/26,review,
515:1,515,Pushback Approved to Face South,항공기 기수방향이 남쪽을 향하게 하고 Nose Gear 및 동체가 R4 유도선에 위치하도록 푸쉬백한다.,The aircraft shall be pushed back onto taxilane R4 to face south.,,aip,AMDT 7/26,review,
516:0,516,Pushback Approved to Face North,항공기 기수방향이 북쪽을 향하게 하고 Nose Gear 및 동체가 R4 유도선에 위치하도록 푸쉬백한다.,The aircraft shall be pushed back onto taxilane R4 to face north.,,aip,AMDT 7/26,review,
516:1,516,Pushback Approved to Face South,항공기 기수방향이 남쪽을 향하게 하고 Nose Gear 및 동체가 R4 유도선에 위치하도록 푸쉬백한다.,The aircraft shall be pushed back onto taxilane R4 to face south.,,aip,AMDT 7/26,review,
516:2,516,Pushback Approved to Face Point 53,항공기 기수방향이 북쪽을 향하게 하고 Nose Gear 및 동체가 R4유도선을 따라 견인하여 Nose Gear를 Point 53에 정대시킨다.,The aircraft shall be pushed back to face north and then towed forward along taxilane R4 until its nosewheel is at spot 53.,,aip+tr,,review,
517:0,517,Pushback Approved to Face North,항공기 기수방향이 북쪽을 향하게 하고 Nose Gear 및 동체가 R4 유도선에 위치하도록 푸쉬백한다.,The aircraft shall be pushed back onto taxilane R4 to face north.,,aip,AMDT 7/26,review,
517:1,517,Pushback Approved to Face Point 52,항공기 기수방향이 남쪽을 향하게 하고 Nose Gear 및 동체가 R4 유도선을 따라 견인하여 Nose Gear를 Point 52에 정대시킨다.,The aircraft shall be pushed back to face south and then towed forward along taxilane R4 until its nosewheel is at spot 52.,,aip+tr,,review,
517:2,517,Pushback Approved to Face West,항공기 기수방향이 서쪽을 향하게 하고 Nose Gear 및 동체가 RW 유도선에 위치하도록 푸쉬백한다.,The aircraft shall be pushed back onto taxilane RW to face west.,,aip,AMDT 7/26,review,
520:0,520,Pushback Approved to Face South,항공기 기수방향이 남쪽을 향하게 하고 Nose Gear 및 동체가 R26 유도선에 위치 및 M18을 개방하도록 길게 푸쉬백한다.,"The aircraft shall be pushed back onto taxilane R26 to face south, leaving taxilane M18 clear.",,aip+tr,AMDT 7/26,review,
521:0,521,Pushback Approved to Face South,항공기 기수방향이 남쪽을 향하게 하고 Nose Gear 및 동체가 R26 유도선에 위치 및 M18을 개방하도록 길게 푸쉬백한다.,"The aircraft shall be pushed back onto taxilane R26 to face south, leaving taxilane M18 clear.",,aip+tr,AMDT 7/26,review,
521:1,521,Pushback Approved to Point 41,항공기 기수방향이 북쪽을 향하도록 후방견인하여 Nose Gear를 Point41에 정대시킨다.,The aircraft shall be pushed back to face north and then towed forward until its nosewheel is at spot 41.,,aip,AMDT 7/26,review,
522:0,522,Pushback Approved to Face South,항공기 기수방향이 남쪽을 향하게 하고 Nose Gear 및 동체가 R26 유도선에 위치 및 M18을 개방하도록 길게 푸쉬백한다.,"The aircraft shall be pushed back onto taxilane R26 to face south, leaving taxilane M18 clear.",,aip+tr,AMDT 7/26,review,
522:1,522,Pushback Approved to Point 41,항공기 기수방향이 북쪽을 향하도록 후방견인하여 Nose Gear를 Point41에 정대시킨다.,The aircraft shall be pushed back to face north and then towed forward until its nosewheel is at spot 41.,,aip,AMDT 7/26,review,
522R:0,522R,Pushback Approved to Face South,항공기 기수방향이 남쪽을 향하게 하고 Nose Gear 및 동체가 R26 유도선에 위치 및 M18을 개방하도록 길게 푸쉬백한다.,"The aircraft shall be pushed back onto taxilane R26 to face south, leaving taxilane M18 clear.",,aip+tr,AMDT 7/26,review,
523:0,523,Pushback Approved to Face South,항공기 기수방향이 남쪽을 향하게 하고 Nose Gear 및 동체가 R26 유도선에 위치 및 M18을 개방하도록 길게 푸쉬백한다.,"The aircraft shall be pushed back onto taxilane R26 to face south, leaving taxilane M18 clear.",,aip+tr,AMDT 7/26,review,
523:1,523,Pushback Approved to Point 41,항공기 기수방향이 북쪽을 향하도록 후방견인하여 Nose Gear를 Point41에 정대시킨다.,The aircraft shall be pushed back to face north and then towed forward until its nosewheel is at spot 41.,,aip,AMDT 7/26,review,
524:0,524,Pushback Approved to Face South,항공기 기수방향이 남쪽을 향하게 하고 Nose Gear 및 동체가 R26 유도선에 위치 및 M18을 개방하도록 길게 푸쉬백한다.,"The aircraft shall be pushed back onto taxilane R26 to face south, leaving taxilane M18 clear.",,aip+tr,AMDT 7/26,review,
524:1,524,Pushback Approved to Point 41,항공기 기수방향이 북쪽을 향하도록 후방견인하여 Nose Gear를 Point41에 정대시킨다.,The aircraft shall be pushed back to face north and then towed forward until its nosewheel is at spot 41.,,aip,AMDT 7/26,review,
525:0,525,Pushback Approved to Face North,항공기 기수방향이 북쪽을 향하게 하고 Nose Gear 및 동체가 R26 유도선에 위치하도록 푸쉬백한다.,The aircraft shall be pushed back onto taxilane R26 to face north.,,aip,AMDT 7/26,review,
525:1,525,Pushback Approved to Point 42,항공기 기수방향이 남쪽을 향하도록 후방견인하여 Nose Gear를 Point42에 정대시킨다.,The aircraft shall be pushed back to face south and then towed forward until its nosewheel is at spot 42.,,aip,AMDT 7/26,review,
526:0,526,Pushback Approved to Face North,항공기 기수방향이 북쪽을 향하게 하고 Nose Gear 및 동체가 R26 유도선에 위치 및 M19을 개방하도록 길게 푸쉬백한다.,"The aircraft shall be pushed back onto taxilane R26 to face north, leaving taxilane M19 clear.",,aip+tr,AMDT 7/26,review,
526:1,526,Pushback Approved to Point 42,항공기 기수방향이 남쪽을 향하도록 후방견인하여 Nose Gear를 Point42에 정대시킨다.,The aircraft shall be pushed back to face south then towed forward until its nosewheel is at spot 42.,,aip,AMDT 7/26,review,
527:0,527,Pushback Approved to Face North,항공기 기수방향이 북쪽을 향하게 하고 Nose Gear 및 동체가 R26 유도선에 위치 및 M19을 개방하도록 길게 푸쉬백한다.,"The aircraft shall be pushed back onto taxilane R26 to face north, leaving taxilane M19 clear.",,aip+tr,AMDT 7/26,review,
527:1,527,Pushback Approved to Point 42,항공기 기수방향이 남쪽을 향하도록 후방견인하여 Nose Gear를 Point42에 정대시킨다.,The aircraft shall be pushed back to face south then towed forward until its nosewheel is at spot 42.,,aip,AMDT 7/26,review,
528:0,528,Pushback Approved to Face North,항공기 기수방향이 북쪽을 향하게 하고 Nose Gear 및 동체가 R26 유도선에 위치 및 M19을 개방하도록 길게 푸쉬백한다.,"The aircraft shall be pushed back onto taxilane R26 to face north, leaving taxilane M19 clear.",,aip+tr,AMDT 7/26,review,
528:1,528,Pushback Approved to Point 42,항공기 기수방향이 남쪽을 향하도록 후방견인하여 Nose Gear를 Point42에 정대시킨다.,The aircraft shall be pushed back to face south then towed forward until its nosewheel is at spot 42.,,aip,AMDT 7/26,review,
528R:0,528R,Pushback Approved to Face North,항공기 기수방향이 북쪽을 향하게 하고 Nose Gear 및 동체가 R26 유도선에 위치 및 M19을 개방하도록 길게 푸쉬백한다.,"The aircraft shall be pushed back onto taxilane R26 to face north, leaving taxilane M19 clear.",,aip+tr,AMDT 7/26,review,
529:0,529,Pushback Approved to Face North,항공기 기수방향이 북쪽을 향하게 하고 Nose Gear 및 동체가 R26 유도선에 위치 및 M19을 개방하도록 길게 푸쉬백한다.,"The aircraft shall be pushed back onto taxilane R26 to face north, leaving taxilane M19 clear.",,aip+tr,AMDT 7/26,review,
530:0,530,Pushback Approved to Face North,항공기 기수방향이 북쪽을 향하게 하고 Nose Gear 및 동체가 R26 유도선에 위치 및 M19을 개방하도록 길게 푸쉬백한다.,"The aircraft shall be pushed back onto taxilane R26 to face north, leaving taxilane M19 clear.",,aip+tr,AMDT 7/26,review,
531:0,531,Pushback Approved to Face South,항공기 기수방향이 남쪽을 향하게 하고 Nose Gear 및 동체가 R26 유도선에 위치 및 M18을 개방하도록 길게 푸쉬백한다.,"The aircraft shall be pushed back onto taxilane R26 to face south, leaving taxilane M18 clear.",,aip+tr,AMDT 7/26,review,
532:0,532,Pushback Approved to Face South,항공기 기수방향이 남쪽을 향하게 하고 Nose Gear 및 동체가 R26 유도선에 위치 및 M18을 개방하도록 길게 푸쉬백한다.,"The aircraft shall be pushed back onto taxilane R26 to face south, leaving taxilane M18 clear.",,aip+tr,AMDT 7/26,review,
533:0,533,Pushback Approved to Face South,항공기 기수방향이 남쪽을 향하게 하고 Nose Gear 및 동체가 R26 유도선에 위치 및 M18을 개방하도록 길게 푸쉬백한다.,"The aircraft shall be pushed back onto taxilane R26 to face south, leaving taxilane M18 clear.",,aip+tr,AMDT 7/26,review,
533:1,533,Pushback Approved to Point 41,항공기 기수방향이 북쪽을 향하도록 후방견인하여 Nose Gear를 Point41에 정대시킨다.,The aircraft shall be pushed back to face north and then towed forward until its nosewheel is at spot 41.,,aip,AMDT 7/26,review,
534:0,534,Pushback Approved to Face North,항공기 기수방향이 북쪽을 향하게 하고 Nose Gear 및 동체가 R26 유도선에 위치 및 M19을 개방하도록 길게 푸쉬백한다.,"The aircraft shall be pushed back onto taxilane R26 to face north, leaving taxilane M19 clear.",,aip+tr,AMDT 7/26,review,
534:1,534,Pushback Approved to Point 42,항공기 기수방향이 남쪽을 향하도록 후방견인하여 Nose Gear를 Point42에 정대시킨다.,The aircraft shall be pushed back to face south and then towed forward until its nosewheel is at spot 42.,,aip,AMDT 7/26,review,
535:0,535,Pushback Approved to Face North,항공기 기수방향이 북쪽을 향하게 하고 Nose Gear 및 동체가 R26 유도선에 위치 및 M19을 개방하도록 길게 푸쉬백한다.,"The aircraft shall be pushed back onto taxilane R26 to face north, leaving taxilane M19 clear.",,aip+tr,AMDT 7/26,review,
536:0,536,Pushback Approved to Face North,항공기 기수방향이 북쪽을 향하게 하고 Nose Gear 및 동체가 R26 유도선에 위치 및 M19을 개방하도록 길게 푸쉬백한다.,"The aircraft shall be pushed back onto taxilane R26 to face north, leaving taxilane M19 clear.",,aip+tr,AMDT 7/26,review,
541:0,541,Pushback Approved to Face South,항공기 기수방향이 남쪽을 향하게 하고 Nose Gear 및 동체가 R4 유도선에 위치하도록 푸쉬백한다.,The aircraft shall be pushed back onto taxilane R4 to face south.,,aip,AMDT 7/26,review,
541:1,541,Pushback Approved to Face North,항공기 기수방향이 북쪽을 향하게 하고 Nose Gear 및 동체가 R4 유도선에 위치하도록 푸쉬백한다.,The aircraft shall be pushed back onto taxilane R4 to face north.,,aip,AMDT 7/26,review,
542:0,542,Pushback Approved to Face South,항공기 기수방향이 남쪽을 향하게 하고 Nose Gear 및 동체가 R4 유도선에 위치하도록 푸쉬백한다.,The aircraft shall be pushed back onto taxilane R4 to face south.,,aip,AMDT 7/26,review,
542:1,542,Pushback Approved to Face North,항공기 기수방향이 북쪽을 향하게 하고 Nose Gear 및 동체가 R4 유도선에 위치하도록 푸쉬백한다.,The aircraft shall be pushed back onto taxilane R4 to face north.,,aip,AMDT 7/26,review,
543:0,543,Pushback Approved to Face South,항공기 기수방향이 남쪽을 향하게 하고 Nose Gear 및 동체가 R4 유도선에 위치하도록 푸쉬백한다.,The aircraft shall be pushed back onto taxilane R4 to face south.,,aip,AMDT 7/26,review,
543:1,543,Pushback Approved to Face North,항공기 기수방향이 북쪽을 향하게 하고 Nose Gear 및 동체가 R4 유도선에 위치하도록 푸쉬백한다.,The aircraft shall be pushed back onto taxilane R4 to face north.,,aip,AMDT 7/26,review,
544:0,544,Pushback Approved to Face South,항공기 기수방향이 남쪽을 향하게 하고 Nose Gear 및 동체가 R4 유도선에 위치하도록 푸쉬백한다.,The aircraft shall be pushed back onto taxilane R4 to face south.,,aip,AMDT 7/26,review,
544:1,544,Pushback Approved to Face North,항공기 기수방향이 북쪽을 향하게 하고 Nose Gear 및 동체가 R4 유도선에 위치하도록 푸쉬백한다.,The aircraft shall be pushed back onto taxilane R4 to face north.,,aip,AMDT 7/26,review,
544:2,544,Pushback Approved to Face East,항공기 기수방향이 동쪽을 향하게 하고 Nose Gear 및 동체가 M18 유도선에 위치하도록 푸쉬백한다. * A380 WEST 불가,The aircraft shall be pushed back onto taxilane M18 to face east. * Pushback to face west is not available for the A380.,,tr,,review,
544:3,544,Pushback Approved to Face West,항공기 기수방향이 서쪽을 향하게 하고 Nose Gear 및 동체가 M18 유도선에 위치하도록 푸쉬백한다. * A380 WEST 불가,The aircraft shall be pushed back onto taxilane M18 to face west. * This pushback is not available for the A380.,,tr,,review,
545:0,545,Pushback Approved to Face North,항공기 기수방향이 북쪽을 향하게 하고 Nose Gear 및 동체가 R4 유도선에 위치 및 M19을 개방하도록 길게 푸쉬백한다.,"The aircraft shall be pushed back onto taxilane R4 to face north, leaving taxilane M19 clear.",,aip+tr,AMDT 7/26,review,
545:1,545,Pushback Approved to Face East,항공기 기수방향이 동쪽을 향하게 하고 Nose Gear 및 동체가 M19 유도선에 위치하도록 푸쉬백한다.,The aircraft shall be pushed back onto taxilane M19 to face east.,,tr,,review,
545:2,545,Pushback Approved to Face West,항공기 기수방향이 서쪽을 향하게 하고 Nose Gear 및 동체가 M19 유도선에 위치하도록 푸쉬백한다.,The aircraft shall be pushed back onto taxilane M19 to face west.,,tr,,review,
545:3,545,Pushback Approved to Point 43,항공기 기수방향이 남쪽을 향하도록 후방견인하여 Nose Gear를 Point 43에 정대시킨다.,The aircraft shall be pushed back to face south and then towed forward until its nosewheel is at spot 43.,,aip,AMDT 7/26,review,
546:0,546,Pushback Approved to Face North,항공기 기수방향이 북쪽을 향하게 하고 Nose Gear 및 동체가 R4 유도선에 위치 및 M19을 개방하도록 길게 푸쉬백한다.,"The aircraft shall be pushed back onto taxilane R4 to face north, leaving taxilane M19 clear.",,aip+tr,AMDT 7/26,review,
546:1,546,Pushback Approved to Face East,항공기 기수방향이 동쪽을 향하게 하고 Nose Gear 및 동체가 M19 유도선에 위치하도록 푸쉬백한다.,The aircraft shall be pushed back onto taxilane M19 to face east.,,tr,,review,
546:2,546,Pushback Approved to Face West,항공기 기수방향이 서쪽을 향하게 하고 Nose Gear 및 동체가 M19 유도선에 위치하도록 푸쉬백한다.,The aircraft shall be pushed back onto taxilane M19 to face west.,,tr,,review,
547:0,547,Pushback Approved to Face North,항공기 기수방향이 북쪽을 향하게 하고 Nose Gear 및 동체가 R4 유도선에 위치 및 M19을 개방하도록 길게 푸쉬백한다.,"The aircraft shall be pushed back onto taxilane R4 to face north, leaving taxilane M19 clear.",,aip+tr,AMDT 7/26,review,
547:1,547,Pushback Approved to Face East,항공기 기수방향이 동쪽을 향하게 하고 Nose Gear 및 동체가 M19 유도선에 위치하도록 푸쉬백한다.,The aircraft shall be pushed back onto taxilane M19 to face east.,,tr,,review,
547:2,547,Pushback Approved to Face West,항공기 기수방향이 서쪽을 향하게 하고 Nose Gear 및 동체가 M19 유도선에 위치하도록 푸쉬백한다.,The aircraft shall be pushed back onto taxilane M19 to face west.,,tr,,review,
547:3,547,Pushback Approved to Point 43,항공기 기수방향이 동쪽을 향하도록 후방견인 후 기수방향이 남쪽을 향하도록 Nose Gear를 Point 43에 정대시킨다.,The aircraft shall be pushed back to face east and then repositioned to face south until its nosewheel is at spot 43.,,aip+tr,AMDT 7/26,review,
551:0,551,Pushback Approved to Face South,항공기 기수방향이 남쪽을 향하게 하고 Nose Gear 및 동체가 R4 유도선에 위치하도록 푸쉬백한다.,The aircraft shall be pushed back onto taxilane R4 to face south.,,aip,AMDT 7/26,review,
551:1,551,Pushback Approved to Face North,항공기 기수방향이 북쪽을 향하게 하고 Nose Gear 및 동체가 R4 유도선에 위치하도록 푸쉬백한다.,The aircraft shall be pushed back onto taxilane R4 to face north.,,aip,AMDT 7/26,review,
552:0,552,Pushback Approved to Face South,항공기 기수방향이 남쪽을 향하게 하고 Nose Gear 및 동체가 R4 유도선에 위치하도록 푸쉬백한다.,The aircraft shall be pushed back onto taxilane R4 to face south.,,aip,AMDT 7/26,review,
552:1,552,Pushback Approved to Face North,항공기 기수방향이 북쪽을 향하게 하고 Nose Gear 및 동체가 R4 유도선에 위치하도록 푸쉬백한다.,The aircraft shall be pushed back onto taxilane R4 to face north.,,aip,AMDT 7/26,review,
553:0,553,Pushback Approved to Face South,항공기 기수방향이 남쪽을 향하게 하고 Nose Gear 및 동체가 R4 유도선에 위치하도록 푸쉬백한다.,The aircraft shall be pushed back onto taxilane R4 to face south.,,aip,AMDT 7/26,review,
553:1,553,Pushback Approved to Face North,항공기 기수방향이 북쪽을 향하게 하고 Nose Gear 및 동체가 R4 유도선에 위치하도록 푸쉬백한다.,The aircraft shall be pushed back onto taxilane R4 to face north.,,aip,AMDT 7/26,review,
554:0,554,Pushback Approved to Face South,항공기 기수방향이 남쪽을 향하게 하고 Nose Gear 및 동체가 R4 유도선에 위치하도록 푸쉬백한다.,The aircraft shall be pushed back onto taxilane R4 to face south.,,aip,AMDT 7/26,review,
554:1,554,Pushback Approved to Face North,항공기 기수방향이 북쪽을 향하게 하고 Nose Gear 및 동체가 R4 유도선에 위치하도록 푸쉬백한다.,The aircraft shall be pushed back onto taxilane R4 to face north.,,aip,AMDT 7/26,review,
554:2,554,Pushback Approved to Face East,항공기 기수방향이 동쪽을 향하게 하고 Nose Gear 및 동체가 M18 유도선에 위치하도록 푸쉬백한다.,The aircraft shall be pushed back onto taxilane M18 to face east.,,tr,,review,
554:3,554,Pushback Approved to Face West,항공기 기수방향이 서쪽을 향하게 하고 Nose Gear 및 동체가 M18 유도선에 위치하도록 푸쉬백한다.,The aircraft shall be pushed back onto taxilane M18 to face west.,,tr,,review,
557:0,557,Pushback Approved to Face North,항공기 기수방향이 북쪽을 향하게 하고 Nose Gear 및 동체가 R4 유도선에 위치 및 M19을 개방하도록 길게 푸쉬백한다.,"The aircraft shall be pushed back onto taxilane R4 to face north, leaving taxilane M19 clear.",,aip+tr,AMDT 7/26,review,
557:1,557,Pushback Approved to Face East,항공기 기수방향이 동쪽을 향하게 하고 Nose Gear 및 동체가 M19 유도선에 위치하도록 푸쉬백한다. * A380 WEST 불가,The aircraft shall be pushed back onto taxilane M19 to face east. * Pushback to face west is not available for the A380.,,tr,,review,
557:2,557,Pushback Approved to Face West,항공기 기수방향이 서쪽을 향하게 하고 Nose Gear 및 동체가 M19 유도선에 위치하도록 푸쉬백한다. * A380 WEST 불가,The aircraft shall be pushed back onto taxilane M19 to face west. * This pushback is not available for the A380.,,tr,,review,
557:3,557,Pushback Approved to Point 43,항공기 기수방향이 남쪽을 향하도록 후방견인하여 Nose Gear를 Point43에 정대시킨다.,The aircraft shall be pushed back to face south and then towed forward until its nosewheel is at spot 43.,,aip,AMDT 7/26,review,
558:0,558,Pushback Approved to Face North,항공기 기수방향이 북쪽을 향하게 하고 Nose Gear 및 동체가 R4 유도선에 위치 및 M19을 개방하도록 길게 푸쉬백한다.,"The aircraft shall be pushed back onto taxilane R4 to face north, leaving taxilane M19 clear.",,aip+tr,AMDT 7/26,review,
558:1,558,Pushback Approved to Face East,항공기 기수방향이 동쪽을 향하게 하고 Nose Gear 및 동체가 M19 유도선에 위치하도록 푸쉬백한다.,The aircraft shall be pushed back onto taxilane M19 to face east.,,tr,,review,
558:2,558,Pushback Approved to Face West,항공기 기수방향이 서쪽을 향하게 하고 Nose Gear 및 동체가 M19 유도선에 위치하도록 푸쉬백한다.,The aircraft shall be pushed back onto taxilane M19 to face west.,,tr,,review,
558:3,558,MRO 이동절차,"항공기를 MRO 지역으로 이동시키는 견인 절차로, 관제 지시에 따라 견인한다.",This is the towing procedure for moving the aircraft to the MRO area. The aircraft is towed as cleared.,MRO towing procedure,tr,,review,
601:0,601,Pushback Approved,항공기 기수방향이 서쪽을 향하게 하고 Nose Gear 및 동체가 D7 유도선에 위치하도록 푸쉬백 한다.,The aircraft shall be pushed back onto taxilane D7 or D8 to face west.,,aip,AMDT 7/26,review,
602:0,602,Pushback Approved,항공기 기수방향이 서쪽을 향하게 하고 Nose Gear 및 동체가 D7 유도선에 위치하도록 푸쉬백 한다.,The aircraft shall be pushed back onto taxilane D7 or D8 to face west.,,aip,AMDT 7/26,review,
603:0,603,Pushback Approved,항공기 기수방향이 서쪽을 향하게 하고 Nose Gear 및 동체가 D7 유도선에 위치하도록 푸쉬백 한다.,The aircraft shall be pushed back onto taxilane D7 or D8 to face west.,,aip,AMDT 7/26,review,
604:0,604,Pushback Approved,항공기 기수방향이 서쪽을 향하게 하고 Nose Gear 및 동체가 D7 유도선에 위치하도록 푸쉬백 한다.,The aircraft shall be pushed back onto taxilane D7 or D8 to face west.,,aip,AMDT 7/26,review,
605:0,605,Pushback Approved,항공기 기수방향이 서쪽을 향하게 하고 Nose Gear 및 동체가 D7 유도선에 위치하도록 푸쉬백 한다.,The aircraft shall be pushed back onto taxilane D7 or D8 to face west.,,aip,AMDT 7/26,review,
606:0,606,Pushback Approved,항공기 기수방향이 서쪽을 향하게 하고 Nose Gear 및 동체가 D7 유도선에 위치하도록 푸쉬백 한다.,The aircraft shall be pushed back onto taxilane D7 or D8 to face west.,,aip,AMDT 7/26,review,
607:0,607,Pushback Approved,항공기 기수방향이 서쪽을 향하게 하고 Nose Gear 및 동체가 D7 유도선에 위치하도록 푸쉬백 한다.,The aircraft shall be pushed back onto taxilane D7 or D8 to face west.,,aip,AMDT 7/26,review,
608:0,608,Pushback Approved,항공기 기수방향이 서쪽을 향하게 하고 Nose Gear 및 동체가 D7 유도선에 위치하도록 푸쉬백 한다.,The aircraft shall be pushed back onto taxilane D7 or D8 to face west.,,aip,AMDT 7/26,review,
609:0,609,Pushback Approved,항공기 기수방향이 서쪽을 향하게 하고 Nose Gear 및 동체가 D7 유도선에 위치하도록 푸쉬백 한다.,The aircraft shall be pushed back onto taxilane D7 or D8 to face west.,,aip,AMDT 7/26,review,
610:0,610,Pushback Approved,항공기 기수방향이 서쪽을 향하게 하고 Nose Gear 및 동체가 D7 유도선에 위치하도록 푸쉬백 한다.,The aircraft shall be pushed back onto taxilane D7 or D8 to face west.,,aip,AMDT 7/26,review,
611:0,611,Pushback Approved,항공기 기수방향이 서쪽을 향하게 하고 Nose Gear 및 동체가 D7 유도선에 위치하도록 푸쉬백 한다.,The aircraft shall be pushed back onto taxilane D7 or D8 to face west.,,aip,AMDT 7/26,review,
612:0,612,Pushback Approved,항공기 기수방향이 서쪽을 향하게 하고 Nose Gear 및 동체가 D7 유도선에 위치하도록 푸쉬백 한다.,The aircraft shall be pushed back onto taxilane D7 or D8 to face west.,,aip,AMDT 7/26,review,
613:0,613,Pushback Approved,항공기 기수방향이 서쪽을 향하게 하고 Nose Gear 및 동체가 D7 유도선에 위치하도록 푸쉬백 한다.,The aircraft shall be pushed back onto taxilane D7 or D8 to face west.,,aip,AMDT 7/26,review,
614:0,614,Pushback Approved,항공기 기수방향이 서쪽을 향하게 하고 Nose Gear 및 동체가 D7 유도선에 위치하도록 푸쉬백 한다.,The aircraft shall be pushed back onto taxilane D7 or D8 to face west.,,aip,AMDT 7/26,review,
615:0,615,Pushback Approved to Point 12,후방견인 후 Point 12로 견인하여 항공기 기수방향이 서쪽을 향하게 하고 Nose Gear 및 동체가 D7 유도선에 위치하도록 푸쉬백 한다.,The aircraft shall be pushed back to face west and then towed forward until its nosewheel is at spot 12.,,aip,AMDT 7/26,review,
616:0,616,Pushback Approved to Point 12,후방견인 후 Point 12로 견인하여 항공기 기수방향이 서쪽을 향하게 하고 Nose Gear 및 동체가 D7 유도선에 위치하도록 푸쉬백 한다.,The aircraft shall be pushed back to face west and then towed forward until its nosewheel is at spot 12.,,aip,AMDT 7/26,review,
621:0,621,Pushback Approved,항공기 기수방향이 서쪽을 향하게 하고 Nose Gear 및 동체가 D8 유도선에 위치하도록 푸쉬백 한다.,The aircraft shall be pushed back onto taxilane D7 or D8 to face west.,,aip,AMDT 7/26,review,
622:0,622,Pushback Approved,항공기 기수방향이 서쪽을 향하게 하고 Nose Gear 및 동체가 D8 유도선에 위치하도록 푸쉬백 한다.,The aircraft shall be pushed back onto taxilane D7 or D8 to face west.,,aip,AMDT 7/26,review,
623:0,623,Pushback Approved,항공기 기수방향이 서쪽을 향하게 하고 Nose Gear 및 동체가 D8 유도선에 위치하도록 푸쉬백 한다.,The aircraft shall be pushed back onto taxilane D7 or D8 to face west.,,aip,AMDT 7/26,review,
624:0,624,Pushback Approved,항공기 기수방향이 서쪽을 향하게 하고 Nose Gear 및 동체가 D8 유도선에 위치하도록 푸쉬백 한다.,The aircraft shall be pushed back onto taxilane D7 or D8 to face west.,,aip,AMDT 7/26,review,
625:0,625,Pushback Approved,항공기 기수방향이 서쪽을 향하게 하고 Nose Gear 및 동체가 D8 유도선에 위치하도록 푸쉬백 한다.,The aircraft shall be pushed back onto taxilane D7 or D8 to face west.,,aip,AMDT 7/26,review,
626:0,626,Pushback Approved,항공기 기수방향이 서쪽을 향하게 하고 Nose Gear 및 동체가 D8 유도선에 위치하도록 푸쉬백 한다.,The aircraft shall be pushed back onto taxilane D7 or D8 to face west.,,aip,AMDT 7/26,review,
627:0,627,Pushback Approved,항공기 기수방향이 서쪽을 향하게 하고 Nose Gear 및 동체가 D8 유도선에 위치하도록 푸쉬백 한다.,The aircraft shall be pushed back onto taxilane D7 or D8 to face west.,,aip,AMDT 7/26,review,
628:0,628,Pushback Approved,항공기 기수방향이 서쪽을 향하게 하고 Nose Gear 및 동체가 D8 유도선에 위치하도록 푸쉬백 한다.,The aircraft shall be pushed back onto taxilane D7 or D8 to face west.,,aip,AMDT 7/26,review,
629:0,629,Pushback Approved,항공기 기수방향이 서쪽을 향하게 하고 Nose Gear 및 동체가 D8 유도선에 위치하도록 푸쉬백 한다.,The aircraft shall be pushed back onto taxilane D7 or D8 to face west.,,aip,AMDT 7/26,review,
630:0,630,Pushback Approved,항공기 기수방향이 서쪽을 향하게 하고 Nose Gear 및 동체가 D8 유도선에 위치하도록 푸쉬백 한다.,The aircraft shall be pushed back onto taxilane D7 or D8 to face west.,,aip,AMDT 7/26,review,
631:0,631,Pushback Approved,항공기 기수방향이 서쪽을 향하게 하고 Nose Gear 및 동체가 D8 유도선에 위치하도록 푸쉬백 한다.,The aircraft shall be pushed back onto taxilane D7 or D8 to face west.,,aip,AMDT 7/26,review,
632:0,632,Pushback Approved,항공기 기수방향이 서쪽을 향하게 하고 Nose Gear 및 동체가 D8 유도선에 위치하도록 푸쉬백 한다.,The aircraft shall be pushed back onto taxilane D7 or D8 to face west.,,aip,AMDT 7/26,review,
633:0,633,Pushback Approved,항공기 기수방향이 서쪽을 향하게 하고 Nose Gear 및 동체가 D8 유도선에 위치하도록 푸쉬백 한다.,The aircraft shall be pushed back onto taxilane D7 or D8 to face west.,,aip,AMDT 7/26,review,
634:0,634,Pushback Approved,항공기 기수방향이 서쪽을 향하게 하고 Nose Gear 및 동체가 D8 유도선에 위치하도록 푸쉬백 한다.,The aircraft shall be pushed back onto taxilane D7 or D8 to face west.,,aip,AMDT 7/26,review,
635:0,635,Pushback Approved to Point 11,후방견인 후 Point 11로 견인하여 항공기 기수방향이 서쪽을 향하게 하고 Nose Gear 및 동체가 D8 유도선에 위치하도록 푸쉬백 한다.,The aircraft shall be pushed back to face west and then towed forward until its nosewheel is at spot 11.,,aip,AMDT 7/26,review,
636:0,636,Pushback Approved to Point 11,후방견인 후 Point 11로 견인하여 항공기 기수방향이 서쪽을 향하게 하고 Nose Gear 및 동체가 D8 유도선에 위치하도록 푸쉬백 한다.,The aircraft shall be pushed back to face west and then towed forward until its nosewheel is at spot 11.,,aip,AMDT 7/26,review,
641:0,641,Pushback Approved,항공기 기수방향이 서쪽을 향하게 하고 Nose Gear 및 동체가 D9 유도선에 위치하도록 푸쉬백 한다.,The aircraft shall be pushed back onto taxilane D9 to face west.,,tr,,review,
642:0,642,Pushback Approved,항공기 기수방향이 서쪽을 향하게 하고 Nose Gear 및 동체가 D9 유도선에 위치하도록 푸쉬백 한다.,The aircraft shall be pushed back onto taxilane D9 to face west.,,tr,,review,
643:0,643,Pushback Approved,항공기 기수방향이 서쪽을 향하게 하고 Nose Gear 및 동체가 D9 유도선에 위치하도록 푸쉬백 한다.,The aircraft shall be pushed back onto taxilane D9 to face west.,,tr,,review,
644:0,644,Pushback Approved,항공기 기수방향이 서쪽을 향하게 하고 Nose Gear 및 동체가 D9 유도선에 위치하도록 푸쉬백 한다.,The aircraft shall be pushed back onto taxilane D9 to face west.,,tr,,review,
645:0,645,Pushback Approved,항공기 기수방향이 서쪽을 향하게 하고 Nose Gear 및 동체가 D9 유도선에 위치하도록 푸쉬백 한다.,The aircraft shall be pushed back onto taxilane D9 to face west.,,tr,,review,
646:0,646,Pushback Approved,항공기 기수방향이 서쪽을 향하게 하고 Nose Gear 및 동체가 D9 유도선에 위치하도록 푸쉬백 한다.,The aircraft shall be pushed back onto taxilane D9 to face west.,,tr,,review,
647:0,647,Pushback Approved,항공기 기수방향이 서쪽을 향하게 하고 Nose Gear 및 동체가 D9 유도선에 위치하도록 푸쉬백 한다.,The aircraft shall be pushed back onto taxilane D9 to face west.,,tr,,review,
648:0,648,Pushback Approved,항공기 기수방향이 서쪽을 향하게 하고 Nose Gear 및 동체가 D9 유도선에 위치하도록 푸쉬백 한다.,The aircraft shall be pushed back onto taxilane D9 to face west.,,tr,,review,
649:0,649,Pushback Approved,항공기 기수방향이 서쪽을 향하게 하고 Nose Gear 및 동체가 D9 유도선에 위치하도록 푸쉬백 한다.,The aircraft shall be pushed back onto taxilane D9 to face west.,,tr,,review,
650:0,650,Pushback Approved,항공기 기수방향이 서쪽을 향하게 하고 Nose Gear 및 동체가 D9 유도선에 위치하도록 푸쉬백 한다.,The aircraft shall be pushed back onto taxilane D9 to face west.,,tr,,review,
651:0,651,Pushback Approved,항공기 기수방향이 서쪽을 향하게 하고 Nose Gear 및 동체가 D9 유도선에 위치하도록 푸쉬백 한다.,The aircraft shall be pushed back onto taxilane D9 to face west.,,tr,,review,
652:0,652,Pushback Approved,항공기 기수방향이 서쪽을 향하게 하고 Nose Gear 및 동체가 D9 유도선에 위치하도록 푸쉬백 한다.,The aircraft shall be pushed back onto taxilane D9 to face west.,,tr,,review,
653:0,653,Pushback Approved to Point 10,후방견인 후 Point 10로 견인하여 항공기 기수방향이 서쪽을 향하게 하고 Nose Gear 및 동체가 D9 유도선에 위치하도록 푸쉬백 한다.,The aircraft shall be pushed back to face west and then towed forward until its nosewheel is at spot 10.,,aip,AMDT 7/26,review,
654:0,654,Pushback Approved to Point 10,후방견인 후 Point 10로 견인하여 항공기 기수방향이 서쪽을 향하게 하고 Nose Gear 및 동체가 D9 유도선에 위치하도록 푸쉬백 한다.,The aircraft shall be pushed back to face west and then towed forward until its nosewheel is at spot 10.,,aip,AMDT 7/26,review,
655:0,655,Pushback Approved to Point 10,후방견인 후 Point 10로 견인하여 항공기 기수방향이 서쪽을 향하게 하고 Nose Gear 및 동체가 D9 유도선에 위치하도록 푸쉬백 한다.,The aircraft shall be pushed back to face west and then towed forward until its nosewheel is at spot 10.,,aip,AMDT 7/26,review,
671:0,671,Pushback Approved,항공기 기수방향이 서쪽을 향하게 하고 Nose Gear 및 동체가 D10 유도선에 위치하도록 푸쉬백 한다.,The aircraft shall be pushed back onto taxilane D10 to face west.,,aip,AMDT 7/26,review,
672:0,672,Pushback Approved,항공기 기수방향이 서쪽을 향하게 하고 Nose Gear 및 동체가 D10 유도선에 위치하도록 푸쉬백 한다.,The aircraft shall be pushed back onto taxilane D10 to face west.,,aip,AMDT 7/26,review,
673:0,673,Pushback Approved,항공기 기수방향이 서쪽을 향하게 하고 Nose Gear 및 동체가 D10 유도선에 위치하도록 푸쉬백 한다.,The aircraft shall be pushed back onto taxilane D10 to face west.,,aip,AMDT 7/26,review,
674:0,674,Pushback Approved,항공기 기수방향이 서쪽을 향하게 하고 Nose Gear 및 동체가 D10 유도선에 위치하도록 푸쉬백 한다.,The aircraft shall be pushed back onto taxilane D10 to face west.,,aip,AMDT 7/26,review,
675:0,675,Pushback Approved,항공기 기수방향이 서쪽을 향하게 하고 Nose Gear 및 동체가 D10 유도선에 위치하도록 푸쉬백 한다.,The aircraft shall be pushed back onto taxilane D10 to face west.,,aip,AMDT 7/26,review,
676:0,676,Pushback Approved,항공기 기수방향이 서쪽을 향하게 하고 Nose Gear 및 동체가 D10 유도선에 위치하도록 푸쉬백 한다.,The aircraft shall be pushed back onto taxilane D10 to face west.,,aip,AMDT 7/26,review,
677:0,677,Pushback Approved,항공기 기수방향이 서쪽을 향하게 하고 Nose Gear 및 동체가 D10 유도선에 위치하도록 푸쉬백 한다.,The aircraft shall be pushed back onto taxilane D10 to face west.,,aip,AMDT 7/26,review,
678:0,678,Pushback Approved,항공기 기수방향이 서쪽을 향하게 하고 Nose Gear 및 동체가 D10 유도선에 위치하도록 푸쉬백 한다.,The aircraft shall be pushed back onto taxilane D10 to face west.,,aip,AMDT 7/26,review,
679:0,679,Pushback Approved,항공기 기수방향이 서쪽을 향하게 하고 Nose Gear 및 동체가 D10 유도선에 위치하도록 푸쉬백 한다.,The aircraft shall be pushed back onto taxilane D10 to face west.,,aip,AMDT 7/26,review,
680:0,680,Pushback Approved,항공기 기수방향이 서쪽을 향하게 하고 Nose Gear 및 동체가 D10 유도선에 위치하도록 푸쉬백 한다.,The aircraft shall be pushed back onto taxilane D10 to face west.,,aip,AMDT 7/26,review,
681:0,681,Pushback Approved,항공기 기수방향이 서쪽을 향하게 하고 Nose Gear 및 동체가 D10 유도선에 위치하도록 푸쉬백 한다.,The aircraft shall be pushed back onto taxilane D10 to face west.,,aip,AMDT 7/26,review,
682:0,682,Pushback Approved to Point 9,후방견인 후 Point 9로 견인하여 항공기 기수방향이 서쪽을 향하게 하고 Nose Gear 및 동체가 D10 유도선에 위치하도록 푸쉬백 한다. L 9,The aircraft shall be pushed back to face west and then towed forward until its nosewheel is at spot 9.,,aip,AMDT 7/26,review,
683:0,683,Pushback Approved to Point 9,후방견인 후 Point 9로 견인하여 항공기 기수방향이 서쪽을 향하게 하고 Nose Gear 및 동체가 D10 유도선에 위치하도록 푸쉬백 한다. L 9,The aircraft shall be pushed back to face west and then towed forward until its nosewheel is at spot 9.,,aip,AMDT 7/26,review,
